school,index,title,source,status,difficulty,scope,readme_section,relative_path,duplicate_group,dedupe_decision,notes
上海交通大学,001,最长连续递增序列,保研,已整理,简单,模拟,已整理题目,schools/上海交通大学/001-最长连续递增序列.md,,keep,
上海交通大学,002,WERTYU,保研,已整理,简单,"字符串,模拟",已整理题目,schools/上海交通大学/002-WERTYU.md,上海交通大学-dup-01,review,同文件重复题名，近重复待复核
上海交通大学,003,WERTYU,保研,已整理,简单,模拟,已整理题目,schools/上海交通大学/003-WERTYU.md,上海交通大学-dup-01,review,同文件重复题名，近重复待复核
上海交通大学,004,棋盘遍历问题,保研,已整理,中等,"图论,数学",已整理题目,schools/上海交通大学/004-棋盘遍历问题.md,,keep,
上海交通大学,005,正方形数组的数目,保研,已整理,困难,"搜索,DFS,回溯",已整理题目,schools/上海交通大学/005-正方形数组的数目.md,,keep,
上海交通大学,006,二次方程计算器,保研,已整理,中等,"数学,字符串,模拟",已整理题目,schools/上海交通大学/006-二次方程计算器.md,,keep,
上海交通大学,007,数字反转,保研,已整理,简单,"模拟,数学",已整理题目,schools/上海交通大学/007-数字反转.md,上海交通大学-dup-02,review,近重复待复核
上海交通大学,008,棋盘游戏,保研,已整理,中等,"图论,最短路",已整理题目,schools/上海交通大学/008-棋盘游戏.md,上海交通大学-dup-03,remove,
上海交通大学,009,最长公共无数字子串,保研,已整理,中等,"动态规划,字符串",已整理题目,schools/上海交通大学/009-最长公共无数字子串.md,上海交通大学-dup-04,review,近重复待复核
上海交通大学,010,后缀子串排序,保研,已整理,简单,"字符串,排序",已整理题目,schools/上海交通大学/010-后缀子串排序.md,,keep,
上海交通大学,011,Old Bill,保研,已整理,简单,"枚举,数学",已整理题目,schools/上海交通大学/011-Old Bill.md,,keep,
上海交通大学,012,Zero,保研,已整理,简单,模拟,已整理题目,schools/上海交通大学/012-Zero.md,,keep,
上海交通大学,013,Sum of Factorials,考研,已整理,简单,"枚举,数学",已整理题目,schools/上海交通大学/013-Sum of Factorials.md,,keep,
上海交通大学,014,String to int,考研,已整理,简单,"字符串,模拟",已整理题目,schools/上海交通大学/014-String to int.md,,keep,
上海交通大学,015,Powerful Calculator,考研,已整理,中等,"字符串,数学,模拟",已整理题目,schools/上海交通大学/015-Powerful Calculator.md,,keep,
上海交通大学,016,最长公共子序列,考研,已整理,困难,"动态规划,二分",已整理题目,schools/上海交通大学/016-最长公共子序列.md,,keep,
上海交通大学,017,Pre,考研,已整理,困难,"树,递归,动态规划",已整理题目,schools/上海交通大学/017-Pre.md,,keep,
上海交通大学,018,倒水问题,考研,已整理,中等,"搜索,BFS",已整理题目,schools/上海交通大学/018-倒水问题.md,,keep,
上海交通大学,019,路径打印,考研,已整理,简单,"树,字符串,排序",已整理题目,schools/上海交通大学/019-路径打印.md,,keep,
上海交通大学,020,最长公共子串,考研,已整理,中等,"动态规划,字符串",已整理题目,schools/上海交通大学/020-最长公共子串.md,上海交通大学-dup-04,review,近重复待复核
上海交通大学,021,平衡字符串,考研,已整理,困难,"双指针,前缀和,字符串",已整理题目,schools/上海交通大学/021-平衡字符串.md,,keep,
上海交通大学,022,日期差值,考研,已整理,简单,"模拟,数学",已整理题目,schools/上海交通大学/022-日期差值.md,,keep,
上海交通大学,023,计算表达式,考研,已整理,简单,"栈,字符串,模拟",已整理题目,schools/上海交通大学/023-计算表达式.md,,keep,
上海交通大学,024,取中值,考研,已整理,简单,"模拟,数学",已整理题目,schools/上海交通大学/024-取中值.md,,keep,
上海交通大学,025,数字反转,考研,已整理,简单,"模拟,数学",已整理题目,schools/上海交通大学/025-数字反转.md,上海交通大学-dup-02,review,近重复待复核
上海交通大学,026,Simple Sorting,考研,已整理,简单,排序,已整理题目,schools/上海交通大学/026-Simple Sorting.md,,keep,
上海交通大学,027,WERTYU,考研,已整理,简单,"字符串,模拟",已整理题目,schools/上海交通大学/027-WERTYU.md,上海交通大学-dup-01,review,近重复待复核
上海交通大学,028,Fibonacci,保研,待补充,待定,,待补充题目,schools/上海交通大学/028-Fibonacci.md,,keep,
上海交通大学,029,整除问题,保研,待补充,待定,,待补充题目,schools/上海交通大学/029-整除问题.md,,keep,
上海交通大学,030,最长平衡子串,保研,待补充,待定,,待补充题目,schools/上海交通大学/030-最长平衡子串.md,,keep,
上海交通大学,031,最短路径,保研,待补充,待定,,待补充题目,schools/上海交通大学/031-最短路径.md,,keep,
上海交通大学,032,Simple Sorting,保研,待补充,待定,,待补充题目,schools/上海交通大学/032-Simple Sorting.md,,keep,
上海交通大学,033,最低票价,保研,待补充,待定,,待补充题目,schools/上海交通大学/033-最低票价.md,,keep,
上海交通大学,034,The Faded Turkey Bill,保研,待补充,待定,,待补充题目,schools/上海交通大学/034-The Faded Turkey Bill.md,,keep,
上海交通大学,035,最长公共子序列,保研,待补充,待定,,待补充题目,schools/上海交通大学/035-最长公共子序列.md,,keep,
上海交通大学,036,日期差值,保研,待补充,待定,,待补充题目,schools/上海交通大学/036-日期差值.md,,keep,
上海交通大学,037,计算表达式,保研,待补充,待定,,待补充题目,schools/上海交通大学/037-计算表达式.md,,keep,
上海交通大学,038,Prime Number,保研,待补充,待定,,待补充题目,schools/上海交通大学/038-Prime Number.md,,keep,
上海交通大学,039,图的连通分支数,保研,待补充,待定,,待补充题目,schools/上海交通大学/039-图的连通分支数.md,,keep,
上海交通大学,040,最小面积子矩阵,保研,待补充,待定,,待补充题目,schools/上海交通大学/040-最小面积子矩阵.md,,keep,
上海交通大学,041,Shortest Distance Sum After Removing Nodes,保研,待补充,待定,,待补充题目,schools/上海交通大学/041-Shortest Distance Sum After Removing Nodes.md,,keep,
上海交通大学,042,最小子数组和差,保研,待补充,待定,,待补充题目,schools/上海交通大学/042-最小子数组和差.md,,keep,
上海交通大学,043,涂颜色,保研,待补充,待定,,待补充题目,schools/上海交通大学/043-涂颜色.md,,keep,
上海交通大学,044,阶乘末尾连续零的个数,保研,待补充,待定,,待补充题目,schools/上海交通大学/044-阶乘末尾连续零的个数.md,,keep,
上海交通大学,045,String Match,保研,待补充,待定,,待补充题目,schools/上海交通大学/045-String Match.md,,keep,
上海交通大学,046,Longest Common Subsequence,保研,待补充,待定,,待补充题目,schools/上海交通大学/046-Longest Common Subsequence.md,,keep,
上海交通大学,047,最长ZigZag子序列,考研,待补充,待定,,待补充题目,schools/上海交通大学/047-最长ZigZag子序列.md,,keep,
上海交通大学,048,水杯倒水,考研,待补充,待定,,待补充题目,schools/上海交通大学/048-水杯倒水.md,,keep,
上海交通大学,049,Zero,考研,待补充,待定,,待补充题目,schools/上海交通大学/049-Zero.md,,keep,
上海交通大学,050,走棋盘,考研,待补充,待定,,待补充题目,schools/上海交通大学/050-走棋盘.md,,keep,
上海交通大学,051,数组划分,考研,待补充,待定,,待补充题目,schools/上海交通大学/051-数组划分.md,,keep,
上海交通大学,052,整除问题,考研,待补充,待定,,待补充题目,schools/上海交通大学/052-整除问题.md,,keep,
上海交通大学,053,最长连续递增序列,考研,待补充,待定,,待补充题目,schools/上海交通大学/053-最长连续递增序列.md,,keep,
上海交通大学,054,星期几,考研,待补充,待定,,待补充题目,schools/上海交通大学/054-星期几.md,,keep,
上海交通大学,055,最短路径,考研,待补充,待定,,待补充题目,schools/上海交通大学/055-最短路径.md,,keep,
上海交通大学,056,2的幂次方,考研,待补充,待定,,待补充题目,schools/上海交通大学/056-2的幂次方.md,,keep,
上海交通大学,057,ZIG,考研,待补充,待定,,待补充题目,schools/上海交通大学/057-ZIG.md,,keep,
上海交通大学,058,Prime Number,考研,待补充,待定,,待补充题目,schools/上海交通大学/058-Prime Number.md,,keep,
上海交通大学,059,最低票价,考研,待补充,待定,,待补充题目,schools/上海交通大学/059-最低票价.md,,keep,
上海交通大学,060,质数,考研,待补充,待定,,待补充题目,schools/上海交通大学/060-质数.md,,keep,
上海交通大学,061,最小面积子矩阵,考研,待补充,待定,,待补充题目,schools/上海交通大学/061-最小面积子矩阵.md,,keep,
上海交通大学,062,Day of Week,考研,待补充,待定,,待补充题目,schools/上海交通大学/062-Day of Week.md,,keep,
上海交通大学,063,大数运算,考研,待补充,待定,,待补充题目,schools/上海交通大学/063-大数运算.md,,keep,
上海交通大学,064,阶乘的0,考研,待补充,待定,,待补充题目,schools/上海交通大学/064-阶乘的0.md,,keep,
上海交通大学,065,后缀子串排序,考研,待补充,待定,,待补充题目,schools/上海交通大学/065-后缀子串排序.md,,keep,
上海交通大学,066,Old Bill,考研,待补充,待定,,待补充题目,schools/上海交通大学/066-Old Bill.md,,keep,
上海交通大学,067,二次方程计算器,考研,待补充,待定,,待补充题目,schools/上海交通大学/067-二次方程计算器.md,,keep,
上海交通大学,068,Coincidence,考研,待补充,待定,,待补充题目,schools/上海交通大学/068-Coincidence.md,,keep,
上海交通大学,069,最短距离总和,考研,待补充,待定,,待补充题目,schools/上海交通大学/069-最短距离总和.md,,keep,
上海交通大学,070,正方形数组的数目,考研,待补充,待定,,待补充题目,schools/上海交通大学/070-正方形数组的数目.md,,keep,
上海交通大学,071,简单排序,考研,待补充,待定,,待补充题目,schools/上海交通大学/071-简单排序.md,,keep,
上海交通大学,072,Sum of Fibonacci,考研,待补充,待定,,待补充题目,schools/上海交通大学/072-Sum of Fibonacci.md,,keep,
上海交通大学,073,涂颜色,考研,待补充,待定,,待补充题目,schools/上海交通大学/073-涂颜色.md,,keep,
上海交通大学,074,图的连通分支数,考研,待补充,待定,,待补充题目,schools/上海交通大学/074-图的连通分支数.md,,keep,
上海交通大学,075,Fibonacci,考研,待补充,待定,,待补充题目,schools/上海交通大学/075-Fibonacci.md,,keep,
上海交通大学,076,字母统计,考研,待补充,待定,,待补充题目,schools/上海交通大学/076-字母统计.md,,keep,
上海交通大学,077,旧帐单,考研,待补充,待定,,待补充题目,schools/上海交通大学/077-旧帐单.md,,keep,
东北大学,001,数组对数,考研,已整理,中等,"二分,排序,数学",已整理题目,schools/东北大学/001-数组对数.md,,keep,
东北大学,002,连通数,考研,待补充,待定,,待补充题目,schools/东北大学/002-连通数.md,,keep,
中南大学,001,PIPI数兔,保研,已整理,简单,动态规划,已整理题目,schools/中南大学/001-PIPI数兔.md,,keep,
中南大学,002,最小价值和,保研,已整理,中等,"排序,数学",已整理题目,schools/中南大学/002-最小价值和.md,,keep,
中南大学,003,最小特征值之和,保研,已整理,困难,动态规划,已整理题目,schools/中南大学/003-最小特征值之和.md,,keep,
中南大学,004,地砖问题,保研,已整理,简单,"DFS,搜索",已整理题目,schools/中南大学/004-地砖问题.md,,keep,
中南大学,005,选球问题,保研,已整理,简单,"排序,枚举",已整理题目,schools/中南大学/005-选球问题.md,中南大学-dup-01,remove,
中南大学,006,小镇购物,保研,已整理,中等,"BFS,图论,排序",已整理题目,schools/中南大学/006-小镇购物.md,,keep,
中南大学,007,逃离迷宫,保研,已整理,中等,"BFS,搜索",已整理题目,schools/中南大学/007-逃离迷宫.md,中南大学-dup-02,review,近重复待复核
中南大学,008,可乐购买,保研,已整理,中等,"数学,枚举",已整理题目,schools/中南大学/008-可乐购买.md,,keep,
中南大学,009,淘金,保研,已整理,困难,动态规划,已整理题目,schools/中南大学/009-淘金.md,,keep,
中南大学,010,第几天,保研,已整理,简单,"模拟,数学",已整理题目,schools/中南大学/010-第几天.md,,keep,
中南大学,011,士兵排阵,保研,已整理,中等,"排序,数学",已整理题目,schools/中南大学/011-士兵排阵.md,,keep,
中南大学,012,考试难易度,保研,已整理,简单,"字符串,模拟",已整理题目,schools/中南大学/012-考试难易度.md,,keep,
中南大学,013,奇怪的餐厅,保研,已整理,中等,"排序,数学",已整理题目,schools/中南大学/013-奇怪的餐厅.md,,keep,
中南大学,014,破译密码,保研,已整理,简单,"字符串,模拟",已整理题目,schools/中南大学/014-破译密码.md,,keep,
中南大学,015,回文串问题,保研,已整理,简单,"字符串,双指针",已整理题目,schools/中南大学/015-回文串问题.md,,keep,
中南大学,016,最少钱币数,保研,已整理,简单,"模拟,数学",已整理题目,schools/中南大学/016-最少钱币数.md,中南大学-dup-03,remove,
中南大学,017,水仙花数,保研,已整理,简单,"枚举,数学",已整理题目,schools/中南大学/017-水仙花数.md,,keep,
中南大学,018,最大连续子序列,考研,已整理,中等,动态规划,已整理题目,schools/中南大学/018-最大连续子序列.md,,keep,
中南大学,019,加油站,考研,已整理,简单,模拟,已整理题目,schools/中南大学/019-加油站.md,,keep,
中南大学,020,合并果子,考研,已整理,中等,"堆,数据结构",已整理题目,schools/中南大学/020-合并果子.md,,keep,
中南大学,021,走路还是坐公交,考研,已整理,中等,"BFS,搜索",已整理题目,schools/中南大学/021-走路还是坐公交.md,,keep,
中南大学,022,容易的题,考研,已整理,简单,"字符串,模拟",已整理题目,schools/中南大学/022-容易的题.md,,keep,
中南大学,023,逃离迷宫,考研,已整理,中等,"BFS,搜索",已整理题目,schools/中南大学/023-逃离迷宫.md,中南大学-dup-02,review,近重复待复核
中南大学,024,graph's connected components 2,考研,已整理,困难,"图论,DFS,动态规划",已整理题目,schools/中南大学/024-graph's connected components 2.md,,keep,
中南大学,025,巨人排队,考研,已整理,中等,"二分,排序",已整理题目,schools/中南大学/025-巨人排队.md,,keep,
中南大学,026,单源最短路径,保研,待补充,待定,,待补充题目,schools/中南大学/026-单源最短路径.md,,keep,
中南大学,027,缺失的彩虹,保研,待补充,待定,,待补充题目,schools/中南大学/027-缺失的彩虹.md,,keep,
中南大学,028,PIPI上学路,保研,待补充,待定,,待补充题目,schools/中南大学/028-PIPI上学路.md,,keep,
中南大学,029,最大容量和,保研,待补充,待定,,待补充题目,schools/中南大学/029-最大容量和.md,,keep,
中南大学,030,有序合并,保研,待补充,待定,,待补充题目,schools/中南大学/030-有序合并.md,,keep,
中南大学,031,最小花费,保研,待补充,待定,,待补充题目,schools/中南大学/031-最小花费.md,,keep,
中南大学,032,十六进制转换,保研,待补充,待定,,待补充题目,schools/中南大学/032-十六进制转换.md,,keep,
中南大学,033,回文子串计数,保研,待补充,待定,,待补充题目,schools/中南大学/033-回文子串计数.md,,keep,
中南大学,034,模拟出入栈游戏,保研,待补充,待定,,待补充题目,schools/中南大学/034-模拟出入栈游戏.md,,keep,
中南大学,035,爬楼梯游戏,保研,待补充,待定,,待补充题目,schools/中南大学/035-爬楼梯游戏.md,,keep,
中南大学,036,图的连通分量1,保研,待补充,待定,,待补充题目,schools/中南大学/036-图的连通分量1.md,,keep,
中南大学,037,图的连通分量2,保研,待补充,待定,,待补充题目,schools/中南大学/037-图的连通分量2.md,,keep,
中南大学,038,最短距离,保研,待补充,待定,,待补充题目,schools/中南大学/038-最短距离.md,,keep,
中南大学,039,A+B,保研,待补充,待定,,待补充题目,schools/中南大学/039-A+B.md,,keep,
中南大学,040,切木棍,保研,待补充,待定,,待补充题目,schools/中南大学/040-切木棍.md,,keep,
中南大学,041,机器人走迷宫,保研,待补充,待定,,待补充题目,schools/中南大学/041-机器人走迷宫.md,,keep,
中南大学,042,巨人排队,保研,待补充,待定,,待补充题目,schools/中南大学/042-巨人排队.md,,keep,
中南大学,043,走路还是坐公交,保研,待补充,待定,,待补充题目,schools/中南大学/043-走路还是坐公交.md,,keep,
中南大学,044,加油站,保研,待补充,待定,,待补充题目,schools/中南大学/044-加油站.md,,keep,
中南大学,045,序列求平均,保研,待补充,待定,,待补充题目,schools/中南大学/045-序列求平均.md,,keep,
中南大学,046,堆石子,保研,待补充,待定,,待补充题目,schools/中南大学/046-堆石子.md,,keep,
中南大学,047,好坑的电子地图,保研,待补充,待定,,待补充题目,schools/中南大学/047-好坑的电子地图.md,,keep,
中南大学,048,数字,保研,待补充,待定,,待补充题目,schools/中南大学/048-数字.md,,keep,
中南大学,049,防水堤坝,保研,待补充,待定,,待补充题目,schools/中南大学/049-防水堤坝.md,,keep,
中南大学,050,成绩转换,保研,待补充,待定,,待补充题目,schools/中南大学/050-成绩转换.md,,keep,
中南大学,051,平方和与立方和,保研,待补充,待定,,待补充题目,schools/中南大学/051-平方和与立方和.md,,keep,
中南大学,052,最大连续子序列,保研,待补充,待定,,待补充题目,schools/中南大学/052-最大连续子序列.md,,keep,
中南大学,053,安全路径,保研,待补充,待定,,待补充题目,schools/中南大学/053-安全路径.md,,keep,
中南大学,054,安全密码,保研,待补充,待定,,待补充题目,schools/中南大学/054-安全密码.md,,keep,
中南大学,055,惠民工程,保研,待补充,待定,,待补充题目,schools/中南大学/055-惠民工程.md,,keep,
中南大学,056,好坑的电子地图,考研,待补充,待定,,待补充题目,schools/中南大学/056-好坑的电子地图.md,,keep,
中南大学,057,惠民工程,考研,待补充,待定,,待补充题目,schools/中南大学/057-惠民工程.md,,keep,
中南大学,058,淘金,考研,待补充,待定,,待补充题目,schools/中南大学/058-淘金.md,,keep,
中南大学,059,模拟出入栈游戏,考研,待补充,待定,,待补充题目,schools/中南大学/059-模拟出入栈游戏.md,,keep,
中南大学,060,中南 a+b 问题,考研,待补充,待定,,待补充题目,schools/中南大学/060-中南 a+b 问题.md,,keep,
中南大学,061,防水堤坝,考研,待补充,待定,,待补充题目,schools/中南大学/061-防水堤坝.md,,keep,
中南大学,062,破译密码,考研,待补充,待定,,待补充题目,schools/中南大学/062-破译密码.md,,keep,
中南大学,063,安全路径,考研,待补充,待定,,待补充题目,schools/中南大学/063-安全路径.md,,keep,
中南大学,064,序列求平均,考研,待补充,待定,,待补充题目,schools/中南大学/064-序列求平均.md,,keep,
中南大学,065,小镇购物,考研,待补充,待定,,待补充题目,schools/中南大学/065-小镇购物.md,,keep,
中南大学,066,安全密码,考研,待补充,待定,,待补充题目,schools/中南大学/066-安全密码.md,,keep,
中南大学,067,最短距离,考研,待补充,待定,,待补充题目,schools/中南大学/067-最短距离.md,,keep,
中南大学,068,奇怪的餐厅,考研,待补充,待定,,待补充题目,schools/中南大学/068-奇怪的餐厅.md,,keep,
中南大学,069,水仙花数,考研,待补充,待定,,待补充题目,schools/中南大学/069-水仙花数.md,,keep,
中南大学,070,平方和与立方和,考研,待补充,待定,,待补充题目,schools/中南大学/070-平方和与立方和.md,,keep,
中南大学,071,爬楼梯游戏,考研,待补充,待定,,待补充题目,schools/中南大学/071-爬楼梯游戏.md,,keep,
中南大学,072,graph's connected components 1,考研,待补充,待定,,待补充题目,schools/中南大学/072-graph's connected components 1.md,,keep,
中南大学,073,成绩的等级,考研,待补充,待定,,待补充题目,schools/中南大学/073-成绩的等级.md,,keep,
中南大学,074,切木棍,考研,待补充,待定,,待补充题目,schools/中南大学/074-切木棍.md,,keep,
中南大学,075,回文串问题,考研,待补充,待定,,待补充题目,schools/中南大学/075-回文串问题.md,,keep,
中国人民大学,001,进制转换,保研,已整理,简单,数学,已整理题目,schools/中国人民大学/001-进制转换.md,,keep,
中国人民大学,002,世界杯球队赛程查询,保研,已整理,简单,"字符串,数学",已整理题目,schools/中国人民大学/002-世界杯球队赛程查询.md,,keep,
中国人民大学,003,皇后攻击范围,保研,待补充,待定,,待补充题目,schools/中国人民大学/003-皇后攻击范围.md,,keep,
中国人民大学,004,斐波那契数列,保研,待补充,待定,,待补充题目,schools/中国人民大学/004-斐波那契数列.md,,keep,
中国人民大学,005,统计星号邻居团体,保研,待补充,待定,,待补充题目,schools/中国人民大学/005-统计星号邻居团体.md,,keep,
中国人民大学,006,高精度进制转换,保研,待补充,待定,,待补充题目,schools/中国人民大学/006-高精度进制转换.md,,keep,
中国农业大学,001,求最小五数之和,保研,已整理,简单,数学,已整理题目,schools/中国农业大学/001-求最小五数之和.md,,keep,
中国农业大学,002,数字运算与字符串输出,保研,待补充,待定,,待补充题目,schools/中国农业大学/002-数字运算与字符串输出.md,,keep,
中国海洋大学,001,学生排队,保研,已整理,中等,"数据结构,队列,数学",已整理题目,schools/中国海洋大学/001-学生排队.md,,keep,
中国海洋大学,002,交通规划,考研,已整理,简单,数学,已整理题目,schools/中国海洋大学/002-交通规划.md,,keep,
中国海洋大学,003,计算日期2,考研,已整理,简单,数学,已整理题目,schools/中国海洋大学/003-计算日期2.md,,keep,
中国海洋大学,004,交通规划,保研,待补充,待定,,待补充题目,schools/中国海洋大学/004-交通规划.md,,keep,
中国海洋大学,005,无线网络,考研,待补充,待定,,待补充题目,schools/中国海洋大学/005-无线网络.md,,keep,
中国海洋大学,006,学生排队,考研,待补充,待定,,待补充题目,schools/中国海洋大学/006-学生排队.md,,keep,
中国海洋大学,007,路径解析,考研,待补充,待定,,待补充题目,schools/中国海洋大学/007-路径解析.md,,keep,
中国矿业大学,001,最长公共子序列,考研,已整理,困难,"动态规划,字符串,数学",已整理题目,schools/中国矿业大学/001-最长公共子序列.md,,keep,
中国矿业大学,002,破译密码,考研,待补充,待定,,待补充题目,schools/中国矿业大学/002-破译密码.md,,keep,
中国科学技术大学,001,运动会比赛日程安排,保研,已整理,中等,数学,已整理题目,schools/中国科学技术大学/001-运动会比赛日程安排.md,,keep,
中国科学技术大学,002,最大公约数,保研,已整理,简单,数学,已整理题目,schools/中国科学技术大学/002-最大公约数.md,,keep,
中国科学技术大学,003,螺旋矩阵查询,保研,已整理,中等,数学,已整理题目,schools/中国科学技术大学/003-螺旋矩阵查询.md,中国科学技术大学-dup-01,remove,
中国科学技术大学,004,最大1正方形的周长,保研,已整理,中等,数学,已整理题目,schools/中国科学技术大学/004-最大1正方形的周长.md,,keep,
中国科学技术大学,005,青蛙过河,保研,已整理,困难,数学,已整理题目,schools/中国科学技术大学/005-青蛙过河.md,,keep,
中国科学技术大学,006,数字转换为十六进制数,考研,已整理,简单,"字符串,数学",已整理题目,schools/中国科学技术大学/006-数字转换为十六进制数.md,,keep,
中国科学技术大学,007,让字符串成为回文串的最少插入次数,考研,已整理,中等,"字符串,数学",已整理题目,schools/中国科学技术大学/007-让字符串成为回文串的最少插入次数.md,,keep,
中国科学技术大学,008,火车票订购,考研,已整理,中等,数学,已整理题目,schools/中国科学技术大学/008-火车票订购.md,,keep,
中国科学技术大学,009,小偷的背包,考研,已整理,中等,"动态规划,背包,数学",已整理题目,schools/中国科学技术大学/009-小偷的背包.md,,keep,
中国科学技术大学,010,卷积运算,保研,待补充,待定,,待补充题目,schools/中国科学技术大学/010-卷积运算.md,,keep,
中国科学技术大学,011,马走棋盘问题,保研,待补充,待定,,待补充题目,schools/中国科学技术大学/011-马走棋盘问题.md,,keep,
中国科学技术大学,012,摸球,保研,待补充,待定,,待补充题目,schools/中国科学技术大学/012-摸球.md,,keep,
中国科学技术大学,013,时间间隔计算,保研,待补充,待定,,待补充题目,schools/中国科学技术大学/013-时间间隔计算.md,,keep,
中国科学技术大学,014,小偷的背包,保研,待补充,待定,,待补充题目,schools/中国科学技术大学/014-小偷的背包.md,,keep,
中国科学技术大学,015,任务调度序列,保研,待补充,待定,,待补充题目,schools/中国科学技术大学/015-任务调度序列.md,,keep,
中国科学技术大学,016,进制转换,保研,待补充,待定,,待补充题目,schools/中国科学技术大学/016-进制转换.md,,keep,
中国科学技术大学,017,拆分数字,保研,待补充,待定,,待补充题目,schools/中国科学技术大学/017-拆分数字.md,,keep,
中国科学技术大学,018,因子个数求和,保研,待补充,待定,,待补充题目,schools/中国科学技术大学/018-因子个数求和.md,,keep,
中国科学技术大学,019,十进制转二进制,保研,待补充,待定,,待补充题目,schools/中国科学技术大学/019-十进制转二进制.md,,keep,
中国科学技术大学,020,火车票订购,保研,待补充,待定,,待补充题目,schools/中国科学技术大学/020-火车票订购.md,,keep,
中国科学技术大学,021,岛屿数量,考研,待补充,待定,,待补充题目,schools/中国科学技术大学/021-岛屿数量.md,,keep,
中国科学技术大学,022,最长连续递增序列,考研,待补充,待定,,待补充题目,schools/中国科学技术大学/022-最长连续递增序列.md,,keep,
中国科学技术大学,023,最大公约数,考研,待补充,待定,,待补充题目,schools/中国科学技术大学/023-最大公约数.md,,keep,
中国科学技术大学,024,过河,考研,待补充,待定,,待补充题目,schools/中国科学技术大学/024-过河.md,,keep,
中国科学技术大学,025,栈,考研,待补充,待定,,待补充题目,schools/中国科学技术大学/025-栈.md,,keep,
中国科学技术大学,026,旋转方阵,考研,待补充,待定,,待补充题目,schools/中国科学技术大学/026-旋转方阵.md,,keep,
中国科学技术大学,027,任务调度,考研,待补充,待定,,待补充题目,schools/中国科学技术大学/027-任务调度.md,,keep,
中国科学院,001,最小的没出现的正整数,保研,已整理,简单,数学,已整理题目,schools/中国科学院/001-最小的没出现的正整数.md,,keep,
中国科学院,002,Z字形变换,保研,已整理,简单,"字符串,数学",已整理题目,schools/中国科学院/002-Z字形变换.md,,keep,
中国科学院,003,选择特殊点问题,保研,已整理,简单,数学,已整理题目,schools/中国科学院/003-选择特殊点问题.md,,keep,
中国科学院,004,找出两个有序表中的相同数,保研,已整理,简单,"二分,数学",已整理题目,schools/中国科学院/004-找出两个有序表中的相同数.md,,keep,
中国科学院,005,糖果分配问题,保研,已整理,简单,数学,已整理题目,schools/中国科学院/005-糖果分配问题.md,,keep,
中国科学院,006,字符串压缩,保研,待补充,待定,,待补充题目,schools/中国科学院/006-字符串压缩.md,,keep,
中国科学院,007,矩阵翻转,保研,待补充,待定,,待补充题目,schools/中国科学院/007-矩阵翻转.md,,keep,
中国科学院,008,字符串修改,保研,待补充,待定,,待补充题目,schools/中国科学院/008-字符串修改.md,,keep,
中国科学院,009,判断对称二叉树,保研,待补充,待定,,待补充题目,schools/中国科学院/009-判断对称二叉树.md,,keep,
中国科学院,010,逻辑表达式求值,保研,待补充,待定,,待补充题目,schools/中国科学院/010-逻辑表达式求值.md,,keep,
中国科学院,011,链表反转（不能调库函数）,保研,待补充,待定,,待补充题目,schools/中国科学院/011-链表反转（不能调库函数）.md,,keep,
中国科学院,012,会议安排问题,保研,待补充,待定,,待补充题目,schools/中国科学院/012-会议安排问题.md,,keep,
中国科学院,013,传球可行性判断,保研,待补充,待定,,待补充题目,schools/中国科学院/013-传球可行性判断.md,,keep,
中国科学院,014,Find the Duplicate Number,保研,待补充,待定,,待补充题目,schools/中国科学院/014-Find the Duplicate Number.md,,keep,
中山大学,001,最小值和总和,保研,已整理,简单,数学,已整理题目,schools/中山大学/001-最小值和总和.md,,keep,
中山大学,002,字符串反转,保研,已整理,简单,"字符串,数学",已整理题目,schools/中山大学/002-字符串反转.md,,keep,
中山大学,003,判断字符串的子串是否由相同字符串拼接而成,保研,已整理,简单,字符串,已整理题目,schools/中山大学/003-判断字符串的子串是否由相同字符串拼接而成.md,,keep,
中山大学,004,最大无前缀字符串集合,保研,已整理,中等,"字符串,数学",已整理题目,schools/中山大学/004-最大无前缀字符串集合.md,中山大学-dup-01,remove,
中山大学,005,不连续1的子串,保研,已整理,简单,"字符串,数学",已整理题目,schools/中山大学/005-不连续1的子串.md,中山大学-dup-02,remove,
中山大学,006,最小生成树,考研,已整理,中等,"图论,最小生成树,树",已整理题目,schools/中山大学/006-最小生成树.md,,keep,
中山大学,007,连通性,保研,待补充,待定,,待补充题目,schools/中山大学/007-连通性.md,,keep,
中山大学,008,二叉树,保研,待补充,待定,,待补充题目,schools/中山大学/008-二叉树.md,,keep,
中山大学,009,拓扑排序,保研,待补充,待定,,待补充题目,schools/中山大学/009-拓扑排序.md,,keep,
中山大学,010,字符串匹配判断,保研,待补充,待定,,待补充题目,schools/中山大学/010-字符串匹配判断.md,,keep,
中山大学,011,机器人寻路问题,保研,待补充,待定,,待补充题目,schools/中山大学/011-机器人寻路问题.md,,keep,
中山大学,012,排队,保研,待补充,待定,,待补充题目,schools/中山大学/012-排队.md,,keep,
中山大学,013,循环移位,保研,待补充,待定,,待补充题目,schools/中山大学/013-循环移位.md,,keep,
中山大学,014,括号匹配,保研,待补充,待定,,待补充题目,schools/中山大学/014-括号匹配.md,,keep,
中山大学,015,统计二进制数中的 1 的个数,考研,待补充,待定,,待补充题目,schools/中山大学/015-统计二进制数中的 1 的个数.md,,keep,
中山大学,016,最长连号,考研,待补充,待定,,待补充题目,schools/中山大学/016-最长连号.md,,keep,
中山大学,017,排队,考研,待补充,待定,,待补充题目,schools/中山大学/017-排队.md,,keep,
中山大学,018,循环移位,考研,待补充,待定,,待补充题目,schools/中山大学/018-循环移位.md,,keep,
中山大学,019,括号匹配,考研,待补充,待定,,待补充题目,schools/中山大学/019-括号匹配.md,,keep,
云南大学,001,字符值,考研,已整理,简单,"字符串,数学",已整理题目,schools/云南大学/001-字符值.md,,keep,
云南大学,002,怎么借书,考研,已整理,简单,数学,已整理题目,schools/云南大学/002-怎么借书.md,,keep,
云南大学,003,字符游戏,考研,已整理,简单,数学,已整理题目,schools/云南大学/003-字符游戏.md,,keep,
云南大学,004,这是第几天？,考研,待补充,待定,,待补充题目,schools/云南大学/004-这是第几天？.md,,keep,
云南大学,005,堆排序,考研,待补充,待定,,待补充题目,schools/云南大学/005-堆排序.md,,keep,
云南大学,006,斐波那契数列,考研,待补充,待定,,待补充题目,schools/云南大学/006-斐波那契数列.md,,keep,
云南大学,007,默契考验,考研,待补充,待定,,待补充题目,schools/云南大学/007-默契考验.md,,keep,
云南大学,008,矩阵位置,考研,待补充,待定,,待补充题目,schools/云南大学/008-矩阵位置.md,,keep,
兰州大学,001,最大序列和,保研,已整理,简单,数学,已整理题目,schools/兰州大学/001-最大序列和.md,,keep,
兰州大学,002,素数判定,保研,已整理,简单,数学,已整理题目,schools/兰州大学/002-素数判定.md,,keep,
兰州大学,003,排序,考研,已整理,简单,"排序,数学",已整理题目,schools/兰州大学/003-排序.md,,keep,
兰州大学,004,字符串压缩,考研,已整理,简单,"字符串,数学",已整理题目,schools/兰州大学/004-字符串压缩.md,,keep,
兰州大学,005,完数,考研,已整理,简单,数学,已整理题目,schools/兰州大学/005-完数.md,,keep,
兰州大学,006,数字统计,考研,已整理,简单,数学,已整理题目,schools/兰州大学/006-数字统计.md,,keep,
兰州大学,007,翻转数的和,考研,已整理,简单,数学,已整理题目,schools/兰州大学/007-翻转数的和.md,,keep,
兰州大学,008,约瑟夫问题,保研,待补充,待定,,待补充题目,schools/兰州大学/008-约瑟夫问题.md,,keep,
兰州大学,009,促销计算,保研,待补充,待定,,待补充题目,schools/兰州大学/009-促销计算.md,,keep,
兰州大学,010,最大公共子串,保研,待补充,待定,,待补充题目,schools/兰州大学/010-最大公共子串.md,,keep,
兰州大学,011,数字统计,保研,待补充,待定,,待补充题目,schools/兰州大学/011-数字统计.md,,keep,
兰州大学,012,对称平方数,考研,待补充,待定,,待补充题目,schools/兰州大学/012-对称平方数.md,,keep,
兰州大学,013,字符串删除,考研,待补充,待定,,待补充题目,schools/兰州大学/013-字符串删除.md,,keep,
兰州大学,014,字符串匹配,考研,待补充,待定,,待补充题目,schools/兰州大学/014-字符串匹配.md,,keep,
兰州大学,015,素数判定,考研,待补充,待定,,待补充题目,schools/兰州大学/015-素数判定.md,,keep,
兰州大学,016,猴子报数,考研,待补充,待定,,待补充题目,schools/兰州大学/016-猴子报数.md,,keep,
兰州大学,017,约瑟夫问题,考研,待补充,待定,,待补充题目,schools/兰州大学/017-约瑟夫问题.md,,keep,
兰州大学,018,十进制转二进制,考研,待补充,待定,,待补充题目,schools/兰州大学/018-十进制转二进制.md,,keep,
兰州大学,019,字符分类,考研,待补充,待定,,待补充题目,schools/兰州大学/019-字符分类.md,,keep,
兰州大学,020,促销计算,考研,待补充,待定,,待补充题目,schools/兰州大学/020-促销计算.md,,keep,
兰州大学,021,最大公共子串,考研,待补充,待定,,待补充题目,schools/兰州大学/021-最大公共子串.md,,keep,
北京大学,001,有趣的跳跃,保研,已整理,简单,"模拟,排序",已整理题目,schools/北京大学/001-有趣的跳跃.md,,keep,
北京大学,002,最大上升子序列和,保研,已整理,中等,动态规划,已整理题目,schools/北京大学/002-最大上升子序列和.md,,keep,
北京大学,003,Arctic Network,保研,已整理,中等,"图论,最小生成树,并查集",已整理题目,schools/北京大学/003-Arctic Network.md,,keep,
北京大学,004,Hopscotch,保研,已整理,中等,"BFS,搜索",已整理题目,schools/北京大学/004-Hopscotch.md,,keep,
北京大学,005,Falling Leaves（落叶问题）,保研,已整理,中等,"树,二叉树,递归",已整理题目,schools/北京大学/005-Falling Leaves（落叶问题）.md,,keep,
北京大学,006,最大子矩阵,保研,已整理,中等,"动态规划,前缀和",已整理题目,schools/北京大学/006-最大子矩阵.md,,keep,
北京大学,007,Flipping Pancake,保研,已整理,中等,"模拟,排序",已整理题目,schools/北京大学/007-Flipping Pancake.md,北京大学-dup-01,remove,
北京大学,008,Mileage Bank,保研,已整理,简单,"模拟,数学",已整理题目,schools/北京大学/008-Mileage Bank.md,北京大学-dup-02,remove,
北京大学,009,求平均年龄,保研,已整理,简单,"模拟,数学",已整理题目,schools/北京大学/009-求平均年龄.md,,keep,
北京大学,010,密码翻译,保研,已整理,简单,"字符串,模拟",已整理题目,schools/北京大学/010-密码翻译.md,,keep,
北京大学,011,放苹果,保研,已整理,中等,"递归,动态规划",已整理题目,schools/北京大学/011-放苹果.md,,keep,
北京大学,012,小白鼠排序,保研,已整理,简单,排序,已整理题目,schools/北京大学/012-小白鼠排序.md,,keep,
北京大学,013,学分绩点计算,保研,已整理,简单,"模拟,数学",已整理题目,schools/北京大学/013-学分绩点计算.md,,keep,
北京大学,014,最简真分数,保研,已整理,中等,"数学,枚举",已整理题目,schools/北京大学/014-最简真分数.md,北京大学-dup-03,remove,
北京大学,015,八皇后问题,保研,已整理,中等,"DFS,回溯",已整理题目,schools/北京大学/015-八皇后问题.md,,keep,
北京大学,016,单词替换,保研,已整理,简单,"字符串,模拟",已整理题目,schools/北京大学/016-单词替换.md,,keep,
北京大学,017,点菜问题,保研,已整理,中等,"动态规划,背包",已整理题目,schools/北京大学/017-点菜问题.md,北京大学-dup-04,remove,
北京大学,018,拦截导弹,保研,已整理,中等,动态规划,已整理题目,schools/北京大学/018-拦截导弹.md,,keep,
北京大学,019,Candy Sharing Game,保研,已整理,简单,模拟,已整理题目,schools/北京大学/019-Candy Sharing Game.md,北京大学-dup-05,remove,
北京大学,020,利润提成,保研,已整理,简单,"模拟,数学",已整理题目,schools/北京大学/020-利润提成.md,,keep,
北京大学,021,采药,保研,已整理,中等,"动态规划,背包",已整理题目,schools/北京大学/021-采药.md,,keep,
北京大学,022,01 最小生成树,考研,已整理,困难,"图论,最小生成树,并查集",已整理题目,schools/北京大学/022-01 最小生成树.md,,keep,
北京大学,023,冰阔落,考研,已整理,简单,"并查集,数据结构",已整理题目,schools/北京大学/023-冰阔落.md,,keep,
北京大学,024,Is It A Tree?,考研,已整理,中等,"图论,树",已整理题目,schools/北京大学/024-Is It A Tree?.md,,keep,
北京大学,025,I Wanna Go Home,考研,已整理,困难,"图论,最短路,动态规划",已整理题目,schools/北京大学/025-I Wanna Go Home.md,,keep,
北京大学,026,大整数的因子,考研,已整理,简单,"数学,字符串",已整理题目,schools/北京大学/026-大整数的因子.md,,keep,
北京大学,027,简单密码,考研,已整理,简单,"字符串,模拟",已整理题目,schools/北京大学/027-简单密码.md,,keep,
北京大学,028,Financial Management,考研,已整理,简单,"模拟,数学",已整理题目,schools/北京大学/028-Financial Management.md,,keep,
北京大学,029,查找学生信息,考研,已整理,简单,"模拟,数据结构",已整理题目,schools/北京大学/029-查找学生信息.md,,keep,
北京大学,030,skew 数,考研,已整理,简单,"数学,字符串",已整理题目,schools/北京大学/030-skew 数.md,,keep,
北京大学,031,Digital Roots,考研,已整理,简单,数学,已整理题目,schools/北京大学/031-Digital Roots.md,,keep,
北京大学,032,买房子,考研,已整理,简单,"数学,枚举",已整理题目,schools/北京大学/032-买房子.md,,keep,
北京大学,033,W's Cipher,考研,已整理,中等,"字符串,模拟",已整理题目,schools/北京大学/033-W's Cipher.md,,keep,
北京大学,034,进制转换,考研,已整理,中等,"数学,字符串",已整理题目,schools/北京大学/034-进制转换.md,,keep,
北京大学,035,字符串排序 3,考研,已整理,简单,"字符串,排序",已整理题目,schools/北京大学/035-字符串排序 3.md,,keep,
北京大学,036,与 7 无关的数,考研,已整理,简单,"数学,枚举",已整理题目,schools/北京大学/036-与 7 无关的数.md,,keep,
北京大学,037,Jungle Roads,考研,已整理,中等,"图论,最小生成树,并查集",已整理题目,schools/北京大学/037-Jungle Roads.md,,keep,
北京大学,038,Repeater,考研,已整理,中等,"递归,模拟",已整理题目,schools/北京大学/038-Repeater.md,,keep,
北京大学,039,杨辉三角形,考研,已整理,简单,"数学,模拟",已整理题目,schools/北京大学/039-杨辉三角形.md,,keep,
北京大学,040,数字求和,考研,已整理,简单,模拟,已整理题目,schools/北京大学/040-数字求和.md,,keep,
北京大学,041,中位数,考研,已整理,简单,排序,已整理题目,schools/北京大学/041-中位数.md,,keep,
北京大学,042,玛雅历,保研,待补充,待定,,待补充题目,schools/北京大学/042-玛雅历.md,,keep,
北京大学,043,走迷宫,保研,待补充,待定,,待补充题目,schools/北京大学/043-走迷宫.md,,keep,
北京大学,044,Yogurt Factory,保研,待补充,待定,,待补充题目,schools/北京大学/044-Yogurt Factory.md,,keep,
北京大学,045,Wireless Network,保研,待补充,待定,,待补充题目,schools/北京大学/045-Wireless Network.md,,keep,
北京大学,046,数与字符串,保研,待补充,待定,,待补充题目,schools/北京大学/046-数与字符串.md,,keep,
北京大学,047,打印月历,保研,待补充,待定,,待补充题目,schools/北京大学/047-打印月历.md,,keep,
北京大学,048,上楼梯,保研,待补充,待定,,待补充题目,schools/北京大学/048-上楼梯.md,,keep,
北京大学,049,跳蛙,保研,待补充,待定,,待补充题目,schools/北京大学/049-跳蛙.md,,keep,
北京大学,050,昂贵的聘礼,保研,待补充,待定,,待补充题目,schools/北京大学/050-昂贵的聘礼.md,,keep,
北京大学,051,Connect,保研,待补充,待定,,待补充题目,schools/北京大学/051-Connect.md,,keep,
北京大学,052,Primary Arithmetic,保研,待补充,待定,,待补充题目,schools/北京大学/052-Primary Arithmetic.md,,keep,
北京大学,053,大整数的因子,保研,待补充,待定,,待补充题目,schools/北京大学/053-大整数的因子.md,,keep,
北京大学,054,与 7 无关的数,保研,待补充,待定,,待补充题目,schools/北京大学/054-与 7 无关的数.md,,keep,
北京大学,055,整数奇偶排序,保研,待补充,待定,,待补充题目,schools/北京大学/055-整数奇偶排序.md,,keep,
北京大学,056,Counterfeit Dollar,保研,待补充,待定,,待补充题目,schools/北京大学/056-Counterfeit Dollar.md,,keep,
北京大学,057,进制转换,保研,待补充,待定,,待补充题目,schools/北京大学/057-进制转换.md,,keep,
北京大学,058,子串统计,保研,待补充,待定,,待补充题目,schools/北京大学/058-子串统计.md,,keep,
北京大学,059,神奇的口袋,保研,待补充,待定,,待补充题目,schools/北京大学/059-神奇的口袋.md,,keep,
北京大学,060,字符串排序 3,保研,待补充,待定,,待补充题目,schools/北京大学/060-字符串排序 3.md,,keep,
北京大学,061,简单整数运算,保研,待补充,待定,,待补充题目,schools/北京大学/061-简单整数运算.md,,keep,
北京大学,062,浮点数加法,保研,待补充,待定,,待补充题目,schools/北京大学/062-浮点数加法.md,,keep,
北京大学,063,字符串排序,保研,待补充,待定,,待补充题目,schools/北京大学/063-字符串排序.md,,keep,
北京大学,064,Integer Inquiry,保研,待补充,待定,,待补充题目,schools/北京大学/064-Integer Inquiry.md,,keep,
北京大学,065,吃糖果,保研,待补充,待定,,待补充题目,schools/北京大学/065-吃糖果.md,,keep,
北京大学,066,打印极值点下标,保研,待补充,待定,,待补充题目,schools/北京大学/066-打印极值点下标.md,,keep,
北京大学,067,数字求和,保研,待补充,待定,,待补充题目,schools/北京大学/067-数字求和.md,,keep,
北京大学,068,坠落的蚂蚁,保研,待补充,待定,,待补充题目,schools/北京大学/068-坠落的蚂蚁.md,,keep,
北京大学,069,Freckles,保研,待补充,待定,,待补充题目,schools/北京大学/069-Freckles.md,,keep,
北京大学,070,位操作练习,保研,待补充,待定,,待补充题目,schools/北京大学/070-位操作练习.md,,keep,
北京大学,071,买房子,保研,待补充,待定,,待补充题目,schools/北京大学/071-买房子.md,,keep,
北京大学,072,中位数计算,保研,待补充,待定,,待补充题目,schools/北京大学/072-中位数计算.md,,keep,
北京大学,073,谁是你的潜在朋友,保研,待补充,待定,,待补充题目,schools/北京大学/073-谁是你的潜在朋友.md,,keep,
北京大学,074,数制转换,保研,待补充,待定,,待补充题目,schools/北京大学/074-数制转换.md,,keep,
北京大学,075,Financial Management,保研,待补充,待定,,待补充题目,schools/北京大学/075-Financial Management.md,,keep,
北京大学,076,Digital Roots,保研,待补充,待定,,待补充题目,schools/北京大学/076-Digital Roots.md,,keep,
北京大学,077,与 7 无关的数的平方和,保研,待补充,待定,,待补充题目,schools/北京大学/077-与 7 无关的数的平方和.md,,keep,
北京大学,078,False Coin,保研,待补充,待定,,待补充题目,schools/北京大学/078-False Coin.md,,keep,
北京大学,079,合唱队形,保研,待补充,待定,,待补充题目,schools/北京大学/079-合唱队形.md,,keep,
北京大学,080,鸡兔同笼,保研,待补充,待定,,待补充题目,schools/北京大学/080-鸡兔同笼.md,,keep,
北京大学,081,全排列,保研,待补充,待定,,待补充题目,schools/北京大学/081-全排列.md,,keep,
北京大学,082,打怪救公主,考研,待补充,待定,,待补充题目,schools/北京大学/082-打怪救公主.md,,keep,
北京大学,083,最低通行费,考研,待补充,待定,,待补充题目,schools/北京大学/083-最低通行费.md,,keep,
北京大学,084,田忌赛马,考研,待补充,待定,,待补充题目,schools/北京大学/084-田忌赛马.md,,keep,
北京大学,085,堆栈基本操作,考研,待补充,待定,,待补充题目,schools/北京大学/085-堆栈基本操作.md,,keep,
北京大学,086,进制转换 2,考研,待补充,待定,,待补充题目,schools/北京大学/086-进制转换 2.md,,keep,
北京大学,087,7 整除,考研,待补充,待定,,待补充题目,schools/北京大学/087-7 整除.md,,keep,
北京大学,088,Counterfeit Dollar,考研,待补充,待定,,待补充题目,schools/北京大学/088-Counterfeit Dollar.md,,keep,
北京大学,089,谁是你的潜在朋友,考研,待补充,待定,,待补充题目,schools/北京大学/089-谁是你的潜在朋友.md,,keep,
北京大学,090,括号匹配问题,考研,待补充,待定,,待补充题目,schools/北京大学/090-括号匹配问题.md,,keep,
北京大学,091,打印极值点下标,考研,待补充,待定,,待补充题目,schools/北京大学/091-打印极值点下标.md,,keep,
北京大学,092,整数奇偶排序,考研,待补充,待定,,待补充题目,schools/北京大学/092-整数奇偶排序.md,,keep,
北京大学,093,利润提成,考研,待补充,待定,,待补充题目,schools/北京大学/093-利润提成.md,,keep,
北京大学,094,学分绩点,考研,待补充,待定,,待补充题目,schools/北京大学/094-学分绩点.md,,keep,
北京大学,095,Biorhythms,考研,待补充,待定,,待补充题目,schools/北京大学/095-Biorhythms.md,,keep,
北京大学,096,全排列,考研,待补充,待定,,待补充题目,schools/北京大学/096-全排列.md,,keep,
北京大学,097,神奇的口袋,考研,待补充,待定,,待补充题目,schools/北京大学/097-神奇的口袋.md,,keep,
北京大学,098,吃糖果,考研,待补充,待定,,待补充题目,schools/北京大学/098-吃糖果.md,,keep,
北京大学,099,密码翻译,考研,待补充,待定,,待补充题目,schools/北京大学/099-密码翻译.md,,keep,
北京大学,100,合唱队形,考研,待补充,待定,,待补充题目,schools/北京大学/100-合唱队形.md,,keep,
北京大学,101,单词替换,考研,待补充,待定,,待补充题目,schools/北京大学/101-单词替换.md,,keep,
北京大学,102,求 1 到 n 的和,考研,待补充,待定,,待补充题目,schools/北京大学/102-求 1 到 n 的和.md,,keep,
北京大学,103,子串计算,考研,待补充,待定,,待补充题目,schools/北京大学/103-子串计算.md,,keep,
北京大学,104,加减乘除,考研,待补充,待定,,待补充题目,schools/北京大学/104-加减乘除.md,,keep,
北京大学,105,数制转换,考研,待补充,待定,,待补充题目,schools/北京大学/105-数制转换.md,,keep,
北京大学,106,最大上升子序列和,考研,待补充,待定,,待补充题目,schools/北京大学/106-最大上升子序列和.md,,keep,
北京大学,107,Jugs,考研,待补充,待定,,待补充题目,schools/北京大学/107-Jugs.md,,keep,
北京大学,108,Number Steps,考研,待补充,待定,,待补充题目,schools/北京大学/108-Number Steps.md,,keep,
北京大学,109,二叉树 2,考研,待补充,待定,,待补充题目,schools/北京大学/109-二叉树 2.md,,keep,
北京大学,110,拦截导弹,考研,待补充,待定,,待补充题目,schools/北京大学/110-拦截导弹.md,,keep,
北京大学,111,Freckles,考研,待补充,待定,,待补充题目,schools/北京大学/111-Freckles.md,,keep,
北京大学,112,鸡兔同笼,考研,待补充,待定,,待补充题目,schools/北京大学/112-鸡兔同笼.md,,keep,
北京大学,113,False coin,考研,待补充,待定,,待补充题目,schools/北京大学/113-False coin.md,,keep,
北京大学,114,字符串排序,考研,待补充,待定,,待补充题目,schools/北京大学/114-字符串排序.md,,keep,
北京大学,115,坠落的蚂蚁,考研,待补充,待定,,待补充题目,schools/北京大学/115-坠落的蚂蚁.md,,keep,
北京大学,116,Primary Arithmetic,考研,待补充,待定,,待补充题目,schools/北京大学/116-Primary Arithmetic.md,,keep,
北京大学,117,求平均年龄,考研,待补充,待定,,待补充题目,schools/北京大学/117-求平均年龄.md,,keep,
北京大学,118,Integer Inquiry,考研,待补充,待定,,待补充题目,schools/北京大学/118-Integer Inquiry.md,,keep,
北京大学,119,二叉树,考研,待补充,待定,,待补充题目,schools/北京大学/119-二叉树.md,,keep,
北京大学,120,位操作练习,考研,待补充,待定,,待补充题目,schools/北京大学/120-位操作练习.md,,keep,
北京大学,121,八皇后,考研,待补充,待定,,待补充题目,schools/北京大学/121-八皇后.md,,keep,
北京大学,122,浮点数加法,考研,待补充,待定,,待补充题目,schools/北京大学/122-浮点数加法.md,,keep,
北京大学,123,放苹果,考研,待补充,待定,,待补充题目,schools/北京大学/123-放苹果.md,,keep,
北京大学,124,字符串排序 2,考研,待补充,待定,,待补充题目,schools/北京大学/124-字符串排序 2.md,,keep,
北京大学,125,计算 Sn,考研,待补充,待定,,待补充题目,schools/北京大学/125-计算 Sn.md,,keep,
北京大学,126,首字母大写,考研,待补充,待定,,待补充题目,schools/北京大学/126-首字母大写.md,,keep,
北京大学,127,小白鼠排队,考研,待补充,待定,,待补充题目,schools/北京大学/127-小白鼠排队.md,,keep,
北京大学,128,日志排序,考研,待补充,待定,,待补充题目,schools/北京大学/128-日志排序.md,,keep,
北京大学,129,最大子矩阵,考研,待补充,待定,,待补充题目,schools/北京大学/129-最大子矩阵.md,,keep,
北京大学,130,采药,考研,待补充,待定,,待补充题目,schools/北京大学/130-采药.md,,keep,
北京师范大学,001,队伍最少交换次数,保研,已整理,简单,"二分,数据结构,队列",已整理题目,schools/北京师范大学/001-队伍最少交换次数.md,,keep,
北京师范大学,002,拼接数字大串的第k位,保研,已整理,中等,"字符串,数学",已整理题目,schools/北京师范大学/002-拼接数字大串的第k位.md,,keep,
北京师范大学,003,单词方阵,保研,已整理,中等,"字符串,数学",已整理题目,schools/北京师范大学/003-单词方阵.md,,keep,
北京师范大学,004,素数回文数的个数,保研,已整理,简单,数学,已整理题目,schools/北京师范大学/004-素数回文数的个数.md,,keep,
北京师范大学,005,神经网络,保研,已整理,中等,"图论,数学",已整理题目,schools/北京师范大学/005-神经网络.md,,keep,
北京师范大学,006,矩阵乘法,保研,已整理,困难,"图论,数学",已整理题目,schools/北京师范大学/006-矩阵乘法.md,,keep,
北京师范大学,007,驼峰命名法转下划线命名法,保研,已整理,简单,"字符串,数学",已整理题目,schools/北京师范大学/007-驼峰命名法转下划线命名法.md,,keep,
北京师范大学,008,数组拆分,保研,待补充,待定,,待补充题目,schools/北京师范大学/008-数组拆分.md,,keep,
北京师范大学,009,面试安排问题,保研,待补充,待定,,待补充题目,schools/北京师范大学/009-面试安排问题.md,,keep,
北京师范大学,010,G/H串前缀翻转,保研,待补充,待定,,待补充题目,schools/北京师范大学/010-G／H串前缀翻转.md,,keep,
北京师范大学,011,最长严格上升子串,保研,待补充,待定,,待补充题目,schools/北京师范大学/011-最长严格上升子串.md,,keep,
北京师范大学,012,最大加权矩形,保研,待补充,待定,,待补充题目,schools/北京师范大学/012-最大加权矩形.md,,keep,
北京师范大学,013,螺旋矩阵,保研,待补充,待定,,待补充题目,schools/北京师范大学/013-螺旋矩阵.md,,keep,
北京师范大学,014,数列,保研,待补充,待定,,待补充题目,schools/北京师范大学/014-数列.md,,keep,
北京师范大学,015,产生数,保研,待补充,待定,,待补充题目,schools/北京师范大学/015-产生数.md,,keep,
北京师范大学,016,分数序列,保研,待补充,待定,,待补充题目,schools/北京师范大学/016-分数序列.md,,keep,
北京师范大学,017,数列比较,保研,待补充,待定,,待补充题目,schools/北京师范大学/017-数列比较.md,,keep,
北京师范大学,018,猴子打字,保研,待补充,待定,,待补充题目,schools/北京师范大学/018-猴子打字.md,,keep,
北京师范大学,019,最少交换次数,保研,待补充,待定,,待补充题目,schools/北京师范大学/019-最少交换次数.md,,keep,
北京师范大学,020,A除以B,保研,待补充,待定,,待补充题目,schools/北京师范大学/020-A除以B.md,,keep,
北京师范大学,021,砍树,保研,待补充,待定,,待补充题目,schools/北京师范大学/021-砍树.md,,keep,
北京理工大学,001,将偶数表示为两个素数之和,保研,已整理,简单,"排序,数学",已整理题目,schools/北京理工大学/001-将偶数表示为两个素数之和.md,,keep,
北京理工大学,002,判断身份证校验位是否正确,保研,已整理,简单,数学,已整理题目,schools/北京理工大学/002-判断身份证校验位是否正确.md,,keep,
北京理工大学,003,日期类,保研,已整理,简单,数学,已整理题目,schools/北京理工大学/003-日期类.md,北京理工大学-dup-01,remove,
北京理工大学,004,弹地小球,保研,已整理,简单,数学,已整理题目,schools/北京理工大学/004-弹地小球.md,,keep,
北京理工大学,005,围圈报数,保研,已整理,中等,"数据结构,链表,数学",已整理题目,schools/北京理工大学/005-围圈报数.md,,keep,
北京理工大学,006,字符串重复组合,考研,已整理,中等,"字符串,数学",已整理题目,schools/北京理工大学/006-字符串重复组合.md,,keep,
北京理工大学,007,一元二次方程,考研,已整理,简单,数学,已整理题目,schools/北京理工大学/007-一元二次方程.md,,keep,
北京理工大学,008,身份证校验,考研,已整理,简单,"字符串,数学",已整理题目,schools/北京理工大学/008-身份证校验.md,,keep,
北京理工大学,009,整型存储1,考研,已整理,简单,数学,已整理题目,schools/北京理工大学/009-整型存储1.md,,keep,
北京理工大学,010,反序相等,考研,已整理,简单,数学,已整理题目,schools/北京理工大学/010-反序相等.md,,keep,
北京理工大学,011,分组统计,考研,已整理,中等,数学,已整理题目,schools/北京理工大学/011-分组统计.md,,keep,
北京理工大学,012,单词识别,考研,已整理,简单,"哈希,字符串,数学",已整理题目,schools/北京理工大学/012-单词识别.md,,keep,
北京理工大学,013,邮票2,考研,已整理,简单,模拟,已整理题目,schools/北京理工大学/013-邮票2.md,,keep,
北京理工大学,014,分段函数,考研,已整理,简单,数学,已整理题目,schools/北京理工大学/014-分段函数.md,,keep,
北京理工大学,015,直角三角形,考研,已整理,简单,数学,已整理题目,schools/北京理工大学/015-直角三角形.md,,keep,
北京理工大学,016,最后一个重复数字,保研,待补充,待定,,待补充题目,schools/北京理工大学/016-最后一个重复数字.md,,keep,
北京理工大学,017,二分查找统计次数,保研,待补充,待定,,待补充题目,schools/北京理工大学/017-二分查找统计次数.md,,keep,
北京理工大学,018,学生成绩处理,保研,待补充,待定,,待补充题目,schools/北京理工大学/018-学生成绩处理.md,,keep,
北京理工大学,019,球的计算,保研,待补充,待定,,待补充题目,schools/北京理工大学/019-球的计算.md,,keep,
北京理工大学,020,日期累加,保研,待补充,待定,,待补充题目,schools/北京理工大学/020-日期累加.md,,keep,
北京理工大学,021,学生查询,保研,待补充,待定,,待补充题目,schools/北京理工大学/021-学生查询.md,,keep,
北京理工大学,022,整数和,保研,待补充,待定,,待补充题目,schools/北京理工大学/022-整数和.md,,keep,
北京理工大学,023,阶乘,保研,待补充,待定,,待补充题目,schools/北京理工大学/023-阶乘.md,,keep,
北京理工大学,024,一元二次方程,保研,待补充,待定,,待补充题目,schools/北京理工大学/024-一元二次方程.md,,keep,
北京理工大学,025,分段函数计算,保研,待补充,待定,,待补充题目,schools/北京理工大学/025-分段函数计算.md,,keep,
北京理工大学,026,墨滴扩散,考研,待补充,待定,,待补充题目,schools/北京理工大学/026-墨滴扩散.md,,keep,
北京理工大学,027,重复数字,考研,待补充,待定,,待补充题目,schools/北京理工大学/027-重复数字.md,,keep,
北京理工大学,028,字符串解析,考研,待补充,待定,,待补充题目,schools/北京理工大学/028-字符串解析.md,,keep,
北京理工大学,029,对称平方数,考研,待补充,待定,,待补充题目,schools/北京理工大学/029-对称平方数.md,,keep,
北京理工大学,030,弹地小球,考研,待补充,待定,,待补充题目,schools/北京理工大学/030-弹地小球.md,,keep,
北京理工大学,031,日期累加,考研,待补充,待定,,待补充题目,schools/北京理工大学/031-日期累加.md,,keep,
北京理工大学,032,多项式的值,考研,待补充,待定,,待补充题目,schools/北京理工大学/032-多项式的值.md,,keep,
北京理工大学,033,重载运算符,考研,待补充,待定,,待补充题目,schools/北京理工大学/033-重载运算符.md,,keep,
北京理工大学,034,加法等式,考研,待补充,待定,,待补充题目,schools/北京理工大学/034-加法等式.md,,keep,
北京理工大学,035,计算天数,考研,待补充,待定,,待补充题目,schools/北京理工大学/035-计算天数.md,,keep,
北京理工大学,036,整数和,考研,待补充,待定,,待补充题目,schools/北京理工大学/036-整数和.md,,keep,
北京理工大学,037,递归求阶乘,考研,待补充,待定,,待补充题目,schools/北京理工大学/037-递归求阶乘.md,,keep,
北京理工大学,038,复数加法,考研,待补充,待定,,待补充题目,schools/北京理工大学/038-复数加法.md,,keep,
北京理工大学,039,学生查询,考研,待补充,待定,,待补充题目,schools/北京理工大学/039-学生查询.md,,keep,
北京理工大学,040,完数与盈数,考研,待补充,待定,,待补充题目,schools/北京理工大学/040-完数与盈数.md,,keep,
北京理工大学,041,三角形相加,考研,待补充,待定,,待补充题目,schools/北京理工大学/041-三角形相加.md,,keep,
北京理工大学,042,球的计算,考研,待补充,待定,,待补充题目,schools/北京理工大学/042-球的计算.md,,keep,
北京理工大学,043,判断数字位置,考研,待补充,待定,,待补充题目,schools/北京理工大学/043-判断数字位置.md,,keep,
北京理工大学,044,编排字符串,考研,待补充,待定,,待补充题目,schools/北京理工大学/044-编排字符串.md,,keep,
北京理工大学,045,围圈报数,考研,待补充,待定,,待补充题目,schools/北京理工大学/045-围圈报数.md,,keep,
北京理工大学,046,整型存储,考研,待补充,待定,,待补充题目,schools/北京理工大学/046-整型存储.md,,keep,
北京理工大学,047,点的距离,考研,待补充,待定,,待补充题目,schools/北京理工大学/047-点的距离.md,,keep,
北京航空航天大学,001,老鼠找食物的最短路径,保研,已整理,中等,"图论,最短路",已整理题目,schools/北京航空航天大学/001-老鼠找食物的最短路径.md,,keep,待复核
北京航空航天大学,002,数组与堆,保研,已整理,简单,"数据结构,堆,数学",已整理题目,schools/北京航空航天大学/002-数组与堆.md,,keep,待复核
北京航空航天大学,003,数字塔,保研,已整理,困难,"二分,数学",已整理题目,schools/北京航空航天大学/003-数字塔.md,北京航空航天大学-dup-01,remove,待复核，同文件重复题名
北京航空航天大学,004,最大化求和,保研,已整理,困难,数学,已整理题目,schools/北京航空航天大学/004-最大化求和.md,,keep,待复核
北京航空航天大学,005,数据位置,保研,已整理,简单,数学,已整理题目,schools/北京航空航天大学/005-数据位置.md,,keep,待复核
北京航空航天大学,006,核酸队伍,保研,已整理,中等,数学,已整理题目,schools/北京航空航天大学/006-核酸队伍.md,,keep,待复核
北京航空航天大学,007,复杂计算器,保研,已整理,中等,"字符串,数学,模拟",已整理题目,schools/北京航空航天大学/007-复杂计算器.md,,keep,待复核
北京航空航天大学,008,旋转矩阵,保研,已整理,简单,数学,已整理题目,schools/北京航空航天大学/008-旋转矩阵.md,,keep,待复核
北京航空航天大学,009,三叉树的最短路径,保研,已整理,困难,"图论,最短路,树",已整理题目,schools/北京航空航天大学/009-三叉树的最短路径.md,,keep,待复核
北京航空航天大学,010,模拟编译系统,考研,已整理,中等,"数学,模拟",已整理题目,schools/北京航空航天大学/010-模拟编译系统.md,,keep,
北京航空航天大学,011,等差序列,考研,已整理,中等,数学,已整理题目,schools/北京航空航天大学/011-等差序列.md,,keep,
北京航空航天大学,012,阶乘和,考研,已整理,简单,数学,已整理题目,schools/北京航空航天大学/012-阶乘和.md,,keep,
北京航空航天大学,013,字符串匹配,考研,已整理,中等,"字符串,数学",已整理题目,schools/北京航空航天大学/013-字符串匹配.md,,keep,
北京航空航天大学,014,学生身高分配问题,保研,待补充,待定,,待补充题目,schools/北京航空航天大学/014-学生身高分配问题.md,,keep,待复核
北京航空航天大学,015,二进制序列操作,保研,待补充,待定,,待补充题目,schools/北京航空航天大学/015-二进制序列操作.md,,keep,待复核
北京航空航天大学,016,蓄水池储水,保研,待补充,待定,,待补充题目,schools/北京航空航天大学/016-蓄水池储水.md,,keep,待复核
北京航空航天大学,017,通讯录查询,保研,待补充,待定,,待补充题目,schools/北京航空航天大学/017-通讯录查询.md,,keep,待复核
北京航空航天大学,018,图的连通性查询,保研,待补充,待定,,待补充题目,schools/北京航空航天大学/018-图的连通性查询.md,,keep,待复核
北京航空航天大学,019,神奇2的幂,保研,待补充,待定,,待补充题目,schools/北京航空航天大学/019-神奇2的幂.md,,keep,待复核
北京航空航天大学,020,通讯录,保研,待补充,待定,,待补充题目,schools/北京航空航天大学/020-通讯录.md,,keep,待复核
北京航空航天大学,021,是否互通,保研,待补充,待定,,待补充题目,schools/北京航空航天大学/021-是否互通.md,,keep,待复核
北京航空航天大学,022,二进序列,保研,待补充,待定,,待补充题目,schools/北京航空航天大学/022-二进序列.md,,keep,待复核
北京航空航天大学,023,神奇 2 的幂,保研,待补充,待定,,待补充题目,schools/北京航空航天大学/023-神奇 2 的幂.md,,keep,待复核
北京航空航天大学,024,蓄水池,保研,待补充,待定,,待补充题目,schools/北京航空航天大学/024-蓄水池.md,,keep,待复核
北京航空航天大学,025,提取函数调用及参数,保研,待补充,待定,,待补充题目,schools/北京航空航天大学/025-提取函数调用及参数.md,,keep,待复核
北京航空航天大学,026,个位为1的素数,保研,待补充,待定,,待补充题目,schools/北京航空航天大学/026-个位为1的素数.md,,keep,待复核
北京航空航天大学,027,等差素数序列,保研,待补充,待定,,待补充题目,schools/北京航空航天大学/027-等差素数序列.md,,keep,待复核
北京航空航天大学,028,连续合数段,保研,待补充,待定,,待补充题目,schools/北京航空航天大学/028-连续合数段.md,,keep,待复核
北京航空航天大学,029,函数调用深度分析,保研,待补充,待定,,待补充题目,schools/北京航空航天大学/029-函数调用深度分析.md,,keep,待复核
北京航空航天大学,030,完全二叉排序树的层序遍历,保研,待补充,待定,,待补充题目,schools/北京航空航天大学/030-完全二叉排序树的层序遍历.md,,keep,待复核
北京航空航天大学,031,空闲块,考研,待补充,待定,,待补充题目,schools/北京航空航天大学/031-空闲块.md,,keep,
北京航空航天大学,032,连续合数段,考研,待补充,待定,,待补充题目,schools/北京航空航天大学/032-连续合数段.md,,keep,
北京航空航天大学,033,三叉树,考研,待补充,待定,,待补充题目,schools/北京航空航天大学/033-三叉树.md,,keep,
北京航空航天大学,034,旋转矩阵,考研,待补充,待定,,待补充题目,schools/北京航空航天大学/034-旋转矩阵.md,,keep,
北京航空航天大学,035,八皇后,考研,待补充,待定,,待补充题目,schools/北京航空航天大学/035-八皇后.md,,keep,
北京航空航天大学,036,最简真分数,考研,待补充,待定,,待补充题目,schools/北京航空航天大学/036-最简真分数.md,,keep,
北京航空航天大学,037,迭代求立方根,考研,待补充,待定,,待补充题目,schools/北京航空航天大学/037-迭代求立方根.md,,keep,
北京航空航天大学,038,素数,考研,待补充,待定,,待补充题目,schools/北京航空航天大学/038-素数.md,,keep,
北京邮电大学,001,二进制逆序转换,保研,已整理,中等,数学,已整理题目,schools/北京邮电大学/001-二进制逆序转换.md,,keep,
北京邮电大学,002,复数集合操作,保研,已整理,简单,数学,已整理题目,schools/北京邮电大学/002-复数集合操作.md,,keep,
北京邮电大学,003,统计's'和'8'的个数,保研,已整理,简单,数学,已整理题目,schools/北京邮电大学/003-统计's'和'8'的个数.md,,keep,
北京邮电大学,004,字符串序列操作,保研,已整理,中等,"字符串,排序,数学",已整理题目,schools/北京邮电大学/004-字符串序列操作.md,,keep,
北京邮电大学,005,树节点距离计算,保研,已整理,简单,"树,数学",已整理题目,schools/北京邮电大学/005-树节点距离计算.md,,keep,
北京邮电大学,006,二叉树,考研,已整理,困难,"图论,最短路,二叉树",已整理题目,schools/北京邮电大学/006-二叉树.md,,keep,
北京邮电大学,007,二进制数字翻转,考研,已整理,简单,数学,已整理题目,schools/北京邮电大学/007-二进制数字翻转.md,,keep,
北京邮电大学,008,最长平衡串,考研,已整理,简单,"字符串,数学",已整理题目,schools/北京邮电大学/008-最长平衡串.md,,keep,
北京邮电大学,009,复制、剪切、粘贴,考研,已整理,简单,"字符串,数学",已整理题目,schools/北京邮电大学/009-复制、剪切、粘贴.md,,keep,
北京邮电大学,010,进程管理,考研,已整理,简单,数学,已整理题目,schools/北京邮电大学/010-进程管理.md,,keep,
北京邮电大学,011,最长连续等差子数列,考研,已整理,简单,数学,已整理题目,schools/北京邮电大学/011-最长连续等差子数列.md,,keep,
北京邮电大学,012,日期,考研,已整理,中等,"字符串,数学",已整理题目,schools/北京邮电大学/012-日期.md,,keep,
北京邮电大学,013,统计时间间隔,考研,已整理,简单,数学,已整理题目,schools/北京邮电大学/013-统计时间间隔.md,,keep,
北京邮电大学,014,中位数,考研,已整理,简单,"二分,数学",已整理题目,schools/北京邮电大学/014-中位数.md,,keep,
北京邮电大学,015,二叉排序树,考研,已整理,困难,"二叉树,排序,数学",已整理题目,schools/北京邮电大学/015-二叉排序树.md,,keep,
北京邮电大学,016,打印字符串,考研,已整理,简单,"字符串,数学",已整理题目,schools/北京邮电大学/016-打印字符串.md,,keep,
北京邮电大学,017,反转单词,考研,已整理,简单,"字符串,数学",已整理题目,schools/北京邮电大学/017-反转单词.md,,keep,
北京邮电大学,018,中序遍历序列,考研,已整理,中等,"二叉树,搜索,排序",已整理题目,schools/北京邮电大学/018-中序遍历序列.md,,keep,
北京邮电大学,019,众数,考研,已整理,简单,数学,已整理题目,schools/北京邮电大学/019-众数.md,,keep,
北京邮电大学,020,912 星球的研究生,考研,已整理,简单,数学,已整理题目,schools/北京邮电大学/020-912 星球的研究生.md,,keep,
北京邮电大学,021,查找,考研,已整理,中等,"字符串,数学",已整理题目,schools/北京邮电大学/021-查找.md,,keep,
北京邮电大学,022,树查找,考研,已整理,中等,"二叉树,数学",已整理题目,schools/北京邮电大学/022-树查找.md,,keep,
北京邮电大学,023,Python List,考研,已整理,中等,"字符串,排序,数学",已整理题目,schools/北京邮电大学/023-Python List.md,,keep,
北京邮电大学,024,Three Points On A Line,考研,已整理,简单,模拟,已整理题目,schools/北京邮电大学/024-Three Points On A Line.md,,keep,
北京邮电大学,025,网络传输,考研,已整理,中等,"图论,哈希,数学",已整理题目,schools/北京邮电大学/025-网络传输.md,,keep,
北京邮电大学,026,第K小的数,考研,已整理,中等,"二分,数学",已整理题目,schools/北京邮电大学/026-第K小的数.md,,keep,
北京邮电大学,027,输出图像数字,保研,待补充,待定,,待补充题目,schools/北京邮电大学/027-输出图像数字.md,,keep,
北京邮电大学,028,个数相等,保研,待补充,待定,,待补充题目,schools/北京邮电大学/028-个数相等.md,,keep,
北京邮电大学,029,二叉树遍历转换,保研,待补充,待定,,待补充题目,schools/北京邮电大学/029-二叉树遍历转换.md,,keep,
北京邮电大学,030,Special数,保研,待补充,待定,,待补充题目,schools/北京邮电大学/030-Special数.md,,keep,
北京邮电大学,031,查找第K小数,保研,待补充,待定,,待补充题目,schools/北京邮电大学/031-查找第K小数.md,,keep,
北京邮电大学,032,比较奇偶数个数,保研,待补充,待定,,待补充题目,schools/北京邮电大学/032-比较奇偶数个数.md,,keep,
北京邮电大学,033,32位二进制串加法,保研,待补充,待定,,待补充题目,schools/北京邮电大学/033-32位二进制串加法.md,,keep,
北京邮电大学,034,城市间昼夜最短路径问题,保研,待补充,待定,,待补充题目,schools/北京邮电大学/034-城市间昼夜最短路径问题.md,,keep,
北京邮电大学,035,最短路径,考研,待补充,待定,,待补充题目,schools/北京邮电大学/035-最短路径.md,,keep,
北京邮电大学,036,方块阵,考研,待补充,待定,,待补充题目,schools/北京邮电大学/036-方块阵.md,,keep,
北京邮电大学,037,数字填充,考研,待补充,待定,,待补充题目,schools/北京邮电大学/037-数字填充.md,,keep,
北京邮电大学,038,发财数,考研,待补充,待定,,待补充题目,schools/北京邮电大学/038-发财数.md,,keep,
北京邮电大学,039,二叉树的层数,考研,待补充,待定,,待补充题目,schools/北京邮电大学/039-二叉树的层数.md,,keep,
北京邮电大学,040,Special数,考研,待补充,待定,,待补充题目,schools/北京邮电大学/040-Special数.md,,keep,
北京邮电大学,041,中序遍历树,考研,待补充,待定,,待补充题目,schools/北京邮电大学/041-中序遍历树.md,,keep,
北京邮电大学,042,分数加法,考研,待补充,待定,,待补充题目,schools/北京邮电大学/042-分数加法.md,,keep,
北京邮电大学,043,字符串操作,考研,待补充,待定,,待补充题目,schools/北京邮电大学/043-字符串操作.md,,keep,
北京邮电大学,044,IP 地址,考研,待补充,待定,,待补充题目,schools/北京邮电大学/044-IP 地址.md,,keep,
北京邮电大学,045,虚数,考研,待补充,待定,,待补充题目,schools/北京邮电大学/045-虚数.md,,keep,
北京邮电大学,046,比较奇偶数个数,考研,待补充,待定,,待补充题目,schools/北京邮电大学/046-比较奇偶数个数.md,,keep,
北京邮电大学,047,最近公共祖先,考研,待补充,待定,,待补充题目,schools/北京邮电大学/047-最近公共祖先.md,,keep,
北京邮电大学,048,旋转图像,考研,待补充,待定,,待补充题目,schools/北京邮电大学/048-旋转图像.md,,keep,
北京邮电大学,049,寻找宝藏寻找宝藏,考研,待补充,待定,,待补充题目,schools/北京邮电大学/049-寻找宝藏寻找宝藏.md,,keep,
北京邮电大学,050,A + B Problem,考研,待补充,待定,,待补充题目,schools/北京邮电大学/050-A + B Problem.md,,keep,
北京邮电大学,051,Single Number,考研,待补充,待定,,待补充题目,schools/北京邮电大学/051-Single Number.md,,keep,
北京邮电大学,052,C翻转,考研,待补充,待定,,待补充题目,schools/北京邮电大学/052-C翻转.md,,keep,
北京邮电大学,053,最值问题,考研,待补充,待定,,待补充题目,schools/北京邮电大学/053-最值问题.md,,keep,
北京邮电大学,054,文件系统,考研,待补充,待定,,待补充题目,schools/北京邮电大学/054-文件系统.md,,keep,
北京邮电大学,055,网络的核,考研,待补充,待定,,待补充题目,schools/北京邮电大学/055-网络的核.md,,keep,
北京邮电大学,056,三元组,考研,待补充,待定,,待补充题目,schools/北京邮电大学/056-三元组.md,,keep,
北京邮电大学,057,字符串转换,考研,待补充,待定,,待补充题目,schools/北京邮电大学/057-字符串转换.md,,keep,
北京邮电大学,058,非平方等式,考研,待补充,待定,,待补充题目,schools/北京邮电大学/058-非平方等式.md,,keep,
北京邮电大学,059,打牌,考研,待补充,待定,,待补充题目,schools/北京邮电大学/059-打牌.md,,keep,
北京邮电大学,060,找最小数,考研,待补充,待定,,待补充题目,schools/北京邮电大学/060-找最小数.md,,keep,
北京邮电大学,061,统计节点个数,考研,待补充,待定,,待补充题目,schools/北京邮电大学/061-统计节点个数.md,,keep,
北京邮电大学,062,图像识别,考研,待补充,待定,,待补充题目,schools/北京邮电大学/062-图像识别.md,,keep,
北京邮电大学,063,内存分配,考研,待补充,待定,,待补充题目,schools/北京邮电大学/063-内存分配.md,,keep,
北京邮电大学,064,复数集合,考研,待补充,待定,,待补充题目,schools/北京邮电大学/064-复数集合.md,,keep,
北京邮电大学,065,二进制数,考研,待补充,待定,,待补充题目,schools/北京邮电大学/065-二进制数.md,,keep,
北京邮电大学,066,最远距离,考研,待补充,待定,,待补充题目,schools/北京邮电大学/066-最远距离.md,,keep,
北京邮电大学,067,寻找变化前01序列,考研,待补充,待定,,待补充题目,schools/北京邮电大学/067-寻找变化前01序列.md,,keep,
北京邮电大学,068,查找2,考研,待补充,待定,,待补充题目,schools/北京邮电大学/068-查找2.md,,keep,
北京邮电大学,069,奇偶求和,考研,待补充,待定,,待补充题目,schools/北京邮电大学/069-奇偶求和.md,,keep,
北京邮电大学,070,最小堆,考研,待补充,待定,,待补充题目,schools/北京邮电大学/070-最小堆.md,,keep,
北京邮电大学,071,IP 数据包解析,考研,待补充,待定,,待补充题目,schools/北京邮电大学/071-IP 数据包解析.md,,keep,
北京邮电大学,072,寻找奇特的数,考研,待补充,待定,,待补充题目,schools/北京邮电大学/072-寻找奇特的数.md,,keep,
北京邮电大学,073,最小距离查询,考研,待补充,待定,,待补充题目,schools/北京邮电大学/073-最小距离查询.md,,keep,
北京邮电大学,074,矩阵幂,考研,待补充,待定,,待补充题目,schools/北京邮电大学/074-矩阵幂.md,,keep,
华东师范大学,001,矩阵中的第K大数,保研,已整理,困难,"二分,数学",已整理题目,schools/华东师范大学/001-矩阵中的第K大数.md,华东师范大学-dup-01,review,近重复待复核
华东师范大学,002,求30的倍数,保研,已整理,简单,数学,已整理题目,schools/华东师范大学/002-求30的倍数.md,华东师范大学-dup-02,review,近重复待复核
华东师范大学,003,统计卡牌的值,保研,已整理,简单,"字符串,数学",已整理题目,schools/华东师范大学/003-统计卡牌的值.md,华东师范大学-dup-03,keep,
华东师范大学,004,绘制科赫曲线,保研,已整理,中等,"图论,数学",已整理题目,schools/华东师范大学/004-绘制科赫曲线.md,,keep,
华东师范大学,005,螺旋矩阵行求和,保研,已整理,困难,数学,已整理题目,schools/华东师范大学/005-螺旋矩阵行求和.md,,keep,
华东师范大学,006,Maximum Height Difference in Climbing Slopes,保研,已整理,简单,数学,已整理题目,schools/华东师范大学/006-Maximum Height Difference in Climbing Slopes.md,,keep,
华东师范大学,007,最小字符串,考研,已整理,中等,"哈希,字符串",已整理题目,schools/华东师范大学/007-最小字符串.md,,keep,
华东师范大学,008,整数分解,考研,已整理,中等,数学,已整理题目,schools/华东师范大学/008-整数分解.md,,keep,
华东师范大学,009,乘法,考研,已整理,困难,数学,已整理题目,schools/华东师范大学/009-乘法.md,华东师范大学-dup-01,review,近重复待复核
华东师范大学,010,差分计数,考研,已整理,简单,"差分,二分,数学",已整理题目,schools/华东师范大学/010-差分计数.md,,keep,
华东师范大学,011,子序列,考研,已整理,中等,数学,已整理题目,schools/华东师范大学/011-子序列.md,,keep,
华东师范大学,012,矩形个数,考研,已整理,困难,"图论,数学",已整理题目,schools/华东师范大学/012-矩形个数.md,,keep,
华东师范大学,013,求 30 的倍数,考研,已整理,简单,数学,已整理题目,schools/华东师范大学/013-求 30 的倍数.md,华东师范大学-dup-02,review,近重复待复核
华东师范大学,014,统计卡牌的值,考研,已整理,简单,"字符串,数学",已整理题目,schools/华东师范大学/014-统计卡牌的值.md,华东师范大学-dup-03,keep,
华东师范大学,015,达到回文数,考研,已整理,简单,数学,已整理题目,schools/华东师范大学/015-达到回文数.md,,keep,
华东师范大学,016,Minimum_Sum,保研,待补充,待定,,待补充题目,schools/华东师范大学/016-Minimum_Sum.md,,keep,
华东师范大学,017,阿拉伯数字转罗马数字,保研,待补充,待定,,待补充题目,schools/华东师范大学/017-阿拉伯数字转罗马数字.md,,keep,
华东师范大学,018,差分计数,保研,待补充,待定,,待补充题目,schools/华东师范大学/018-差分计数.md,,keep,
华东师范大学,019,整数排序,保研,待补充,待定,,待补充题目,schools/华东师范大学/019-整数排序.md,,keep,
华东师范大学,020,位运算：交换二进制位,保研,待补充,待定,,待补充题目,schools/华东师范大学/020-位运算：交换二进制位.md,,keep,
华东师范大学,021,统计团队成员规模,保研,待补充,待定,,待补充题目,schools/华东师范大学/021-统计团队成员规模.md,,keep,
华东师范大学,022,简单一位数代数式计算,保研,待补充,待定,,待补充题目,schools/华东师范大学/022-简单一位数代数式计算.md,,keep,
华东师范大学,023,数字排序,保研,待补充,待定,,待补充题目,schools/华东师范大学/023-数字排序.md,,keep,
华东师范大学,024,安全驾驶,保研,待补充,待定,,待补充题目,schools/华东师范大学/024-安全驾驶.md,,keep,
华东师范大学,025,达到回文数,保研,待补充,待定,,待补充题目,schools/华东师范大学/025-达到回文数.md,,keep,
华东师范大学,026,数字排序,考研,待补充,待定,,待补充题目,schools/华东师范大学/026-数字排序.md,,keep,
华东师范大学,027,数字猜想,考研,待补充,待定,,待补充题目,schools/华东师范大学/027-数字猜想.md,,keep,
华东师范大学,028,位运算,考研,待补充,待定,,待补充题目,schools/华东师范大学/028-位运算.md,,keep,
华东师范大学,029,罗马数字,考研,待补充,待定,,待补充题目,schools/华东师范大学/029-罗马数字.md,,keep,
华东师范大学,030,整数排序,考研,待补充,待定,,待补充题目,schools/华东师范大学/030-整数排序.md,,keep,
华东师范大学,031,Minimum_Sum,考研,待补充,待定,,待补充题目,schools/华东师范大学/031-Minimum_Sum.md,,keep,
华东师范大学,032,骑车路线,考研,待补充,待定,,待补充题目,schools/华东师范大学/032-骑车路线.md,,keep,
华东师范大学,033,中位数,考研,待补充,待定,,待补充题目,schools/华东师范大学/033-中位数.md,,keep,
华东师范大学,034,平衡三进制 II,考研,待补充,待定,,待补充题目,schools/华东师范大学/034-平衡三进制 II.md,,keep,
华东师范大学,035,最长美丽子串,考研,待补充,待定,,待补充题目,schools/华东师范大学/035-最长美丽子串.md,,keep,
华东师范大学,036,Weights II,考研,待补充,待定,,待补充题目,schools/华东师范大学/036-Weights II.md,,keep,
华东师范大学,037,上古计算机,考研,待补充,待定,,待补充题目,schools/华东师范大学/037-上古计算机.md,,keep,
华东师范大学,038,表面积,考研,待补充,待定,,待补充题目,schools/华东师范大学/038-表面积.md,,keep,
华东师范大学,039,街灯,考研,待补充,待定,,待补充题目,schools/华东师范大学/039-街灯.md,,keep,
华东师范大学,040,钥匙,考研,待补充,待定,,待补充题目,schools/华东师范大学/040-钥匙.md,,keep,
华东师范大学,041,字符串查询,考研,待补充,待定,,待补充题目,schools/华东师范大学/041-字符串查询.md,,keep,
华东师范大学,042,安全驾驶,考研,待补充,待定,,待补充题目,schools/华东师范大学/042-安全驾驶.md,,keep,
华中科技大学,001,梅森素数,保研,已整理,简单,数学,已整理题目,schools/华中科技大学/001-梅森素数.md,华中科技大学-dup-01,remove,
华中科技大学,002,回文字符串,保研,已整理,中等,"字符串,数学",已整理题目,schools/华中科技大学/002-回文字符串.md,,keep,
华中科技大学,003,验证电话号码,保研,已整理,简单,数学,已整理题目,schools/华中科技大学/003-验证电话号码.md,,keep,
华中科技大学,004,最长子回文串,保研,已整理,中等,字符串,已整理题目,schools/华中科技大学/004-最长子回文串.md,,keep,
华中科技大学,005,公路建设问题,保研,已整理,困难,"图论,最小生成树,树",已整理题目,schools/华中科技大学/005-公路建设问题.md,,keep,
华中科技大学,006,N阶楼梯上楼问题,保研,已整理,简单,数学,已整理题目,schools/华中科技大学/006-N阶楼梯上楼问题.md,华中科技大学-dup-02,remove,
华中科技大学,007,打印日期,保研,已整理,简单,数学,已整理题目,schools/华中科技大学/007-打印日期.md,华中科技大学-dup-03,remove,
华中科技大学,008,统计单词,保研,已整理,简单,"字符串,数学",已整理题目,schools/华中科技大学/008-统计单词.md,,keep,
华中科技大学,009,亲和数,考研,已整理,简单,数学,已整理题目,schools/华中科技大学/009-亲和数.md,,keep,
华中科技大学,010,切牌、洗牌,考研,已整理,简单,数学,已整理题目,schools/华中科技大学/010-切牌、洗牌.md,,keep,
华中科技大学,011,日期加密,考研,已整理,中等,数学,已整理题目,schools/华中科技大学/011-日期加密.md,,keep,
华中科技大学,012,排序去重,考研,已整理,简单,"排序,数学",已整理题目,schools/华中科技大学/012-排序去重.md,,keep,
华中科技大学,013,排序与去重,考研,已整理,简单,"排序,数学",已整理题目,schools/华中科技大学/013-排序与去重.md,,keep,
华中科技大学,014,特定规则加密,考研,已整理,简单,数学,已整理题目,schools/华中科技大学/014-特定规则加密.md,,keep,
华中科技大学,015,进制转换,考研,已整理,中等,"字符串,数学",已整理题目,schools/华中科技大学/015-进制转换.md,,keep,
华中科技大学,016,文件处理,考研,已整理,简单,"字符串,数学",已整理题目,schools/华中科技大学/016-文件处理.md,,keep,
华中科技大学,017,找位置,考研,已整理,简单,"字符串,数学",已整理题目,schools/华中科技大学/017-找位置.md,,keep,
华中科技大学,018,最小年龄的3个职工,考研,已整理,简单,"字符串,数学",已整理题目,schools/华中科技大学/018-最小年龄的3个职工.md,,keep,
华中科技大学,019,守形数,考研,已整理,简单,数学,已整理题目,schools/华中科技大学/019-守形数.md,,keep,
华中科技大学,020,成绩排序,考研,已整理,中等,"哈希,字符串,排序",已整理题目,schools/华中科技大学/020-成绩排序.md,,keep,
华中科技大学,021,矩阵转置,考研,已整理,中等,数学,已整理题目,schools/华中科技大学/021-矩阵转置.md,,keep,
华中科技大学,022,a+b,考研,已整理,简单,数学,已整理题目,schools/华中科技大学/022-a+b.md,,keep,
华中科技大学,023,字符串密码生成,保研,待补充,待定,,待补充题目,schools/华中科技大学/023-字符串密码生成.md,,keep,
华中科技大学,024,有趣的数,保研,待补充,待定,,待补充题目,schools/华中科技大学/024-有趣的数.md,,keep,
华中科技大学,025,字符串处理,保研,待补充,待定,,待补充题目,schools/华中科技大学/025-字符串处理.md,,keep,
华中科技大学,026,字符串拼接与处理,保研,待补充,待定,,待补充题目,schools/华中科技大学/026-字符串拼接与处理.md,,keep,
华中科技大学,027,孪生素数,保研,待补充,待定,,待补充题目,schools/华中科技大学/027-孪生素数.md,,keep,
华中科技大学,028,顺转数组,保研,待补充,待定,,待补充题目,schools/华中科技大学/028-顺转数组.md,,keep,
华中科技大学,029,长整数中间两个字节循环左移,保研,待补充,待定,,待补充题目,schools/华中科技大学/029-长整数中间两个字节循环左移.md,,keep,
华中科技大学,030,无符号长整数字节交换,保研,待补充,待定,,待补充题目,schools/华中科技大学/030-无符号长整数字节交换.md,,keep,
华中科技大学,031,矩阵转置,保研,待补充,待定,,待补充题目,schools/华中科技大学/031-矩阵转置.md,,keep,
华中科技大学,032,切牌、洗牌,保研,待补充,待定,,待补充题目,schools/华中科技大学/032-切牌、洗牌.md,,keep,
华中科技大学,033,题目描述,保研,待补充,待定,,待补充题目,schools/华中科技大学/033-题目描述.md,,keep,
华中科技大学,034,二叉树遍历2,保研,待补充,待定,,待补充题目,schools/华中科技大学/034-二叉树遍历2.md,,keep,
华中科技大学,035,排序,保研,待补充,待定,,待补充题目,schools/华中科技大学/035-排序.md,,keep,
华中科技大学,036,最长&最短文本,保研,待补充,待定,,待补充题目,schools/华中科技大学/036-最长&最短文本.md,,keep,
华中科技大学,037,最小年龄的3个职工,保研,待补充,待定,,待补充题目,schools/华中科技大学/037-最小年龄的3个职工.md,,keep,
华中科技大学,038,对称矩阵,保研,待补充,待定,,待补充题目,schools/华中科技大学/038-对称矩阵.md,,keep,
华中科技大学,039,字符串处理,考研,待补充,待定,,待补充题目,schools/华中科技大学/039-字符串处理.md,,keep,
华中科技大学,040,等式填充问题,考研,待补充,待定,,待补充题目,schools/华中科技大学/040-等式填充问题.md,,keep,
华中科技大学,041,表达式计算,考研,待补充,待定,,待补充题目,schools/华中科技大学/041-表达式计算.md,,keep,
华中科技大学,042,压缩日期,考研,待补充,待定,,待补充题目,schools/华中科技大学/042-压缩日期.md,,keep,
华中科技大学,043,洗牌与切牌,考研,待补充,待定,,待补充题目,schools/华中科技大学/043-洗牌与切牌.md,,keep,
华中科技大学,044,表达式求值,考研,待补充,待定,,待补充题目,schools/华中科技大学/044-表达式求值.md,,keep,
华中科技大学,045,十进制加密,考研,待补充,待定,,待补充题目,schools/华中科技大学/045-十进制加密.md,,keep,
华中科技大学,046,删除数字,考研,待补充,待定,,待补充题目,schools/华中科技大学/046-删除数字.md,,keep,
华中科技大学,047,二进制加密,考研,待补充,待定,,待补充题目,schools/华中科技大学/047-二进制加密.md,,keep,
华中科技大学,048,删除数字求最小数,考研,待补充,待定,,待补充题目,schools/华中科技大学/048-删除数字求最小数.md,,keep,
华中科技大学,049,数组排序与去重,考研,待补充,待定,,待补充题目,schools/华中科技大学/049-数组排序与去重.md,,keep,
华中科技大学,050,分数转小数,考研,待补充,待定,,待补充题目,schools/华中科技大学/050-分数转小数.md,,keep,
华中科技大学,051,单词个数统计,考研,待补充,待定,,待补充题目,schools/华中科技大学/051-单词个数统计.md,,keep,
华中科技大学,052,字符串的操作,考研,待补充,待定,,待补充题目,schools/华中科技大学/052-字符串的操作.md,,keep,
华中科技大学,053,阶乘2,考研,待补充,待定,,待补充题目,schools/华中科技大学/053-阶乘2.md,,keep,
华中科技大学,054,最长&最短文本,考研,待补充,待定,,待补充题目,schools/华中科技大学/054-最长&最短文本.md,,keep,
华中科技大学,055,最大的两个数,考研,待补充,待定,,待补充题目,schools/华中科技大学/055-最大的两个数.md,,keep,
华中科技大学,056,遍历链表,考研,待补充,待定,,待补充题目,schools/华中科技大学/056-遍历链表.md,,keep,
华中科技大学,057,回文字符串,考研,待补充,待定,,待补充题目,schools/华中科技大学/057-回文字符串.md,,keep,
华中科技大学,058,二叉树遍历2,考研,待补充,待定,,待补充题目,schools/华中科技大学/058-二叉树遍历2.md,,keep,
华中科技大学,059,矩阵最大值,考研,待补充,待定,,待补充题目,schools/华中科技大学/059-矩阵最大值.md,,keep,
华中科技大学,060,对称矩阵,考研,待补充,待定,,待补充题目,schools/华中科技大学/060-对称矩阵.md,,keep,
华中科技大学,061,八进制,考研,待补充,待定,,待补充题目,schools/华中科技大学/061-八进制.md,,keep,
华中科技大学,062,特殊排序,考研,待补充,待定,,待补充题目,schools/华中科技大学/062-特殊排序.md,,keep,
华中科技大学,063,二叉排序树,考研,待补充,待定,,待补充题目,schools/华中科技大学/063-二叉排序树.md,,keep,
华中科技大学,064,排序,考研,待补充,待定,,待补充题目,schools/华中科技大学/064-排序.md,,keep,
华中科技大学,065,IP地址,考研,待补充,待定,,待补充题目,schools/华中科技大学/065-IP地址.md,,keep,
华中科技大学,066,奇偶校验,考研,待补充,待定,,待补充题目,schools/华中科技大学/066-奇偶校验.md,,keep,
华中科技大学,067,农夫、羊、菜和狼的故事,考研,待补充,待定,,待补充题目,schools/华中科技大学/067-农夫、羊、菜和狼的故事.md,,keep,
华中科技大学,068,统计单词,考研,待补充,待定,,待补充题目,schools/华中科技大学/068-统计单词.md,,keep,
华中科技大学,069,字符串连接,考研,待补充,待定,,待补充题目,schools/华中科技大学/069-字符串连接.md,,keep,
华中科技大学,070,大整数排序,考研,待补充,待定,,待补充题目,schools/华中科技大学/070-大整数排序.md,,keep,
华南理工大学,001,今天是周几,考研,已整理,简单,数学,已整理题目,schools/华南理工大学/001-今天是周几.md,,keep,
华南理工大学,002,数组排序,考研,已整理,中等,"排序,数学",已整理题目,schools/华南理工大学/002-数组排序.md,,keep,
华南理工大学,003,重写输入,考研,待补充,待定,,待补充题目,schools/华南理工大学/003-重写输入.md,,keep,
华南理工大学,004,是否存在环,考研,待补充,待定,,待补充题目,schools/华南理工大学/004-是否存在环.md,,keep,
华南理工大学,005,凑零钱,考研,待补充,待定,,待补充题目,schools/华南理工大学/005-凑零钱.md,,keep,
华南理工大学,006,成绩再次排序,考研,待补充,待定,,待补充题目,schools/华南理工大学/006-成绩再次排序.md,,keep,
南京大学,001,Missing Number,保研,已整理,简单,模拟,已整理题目,schools/南京大学/001-Missing Number.md,,keep,
南京大学,002,排队排列问题,保研,已整理,简单,"枚举,数学",已整理题目,schools/南京大学/002-排队排列问题.md,,keep,
南京大学,003,二叉树的构造数量,保研,已整理,中等,"二叉树,字符串,数学",已整理题目,schools/南京大学/003-二叉树的构造数量.md,,keep,
南京大学,004,字符串区间翻转,考研,已整理,简单,"字符串,数学",已整理题目,schools/南京大学/004-字符串区间翻转.md,,keep,
南京大学,005,子序列,考研,已整理,中等,字符串,已整理题目,schools/南京大学/005-子序列.md,,keep,
南京大学,006,Count Number of Binary Strings,保研,待补充,待定,,待补充题目,schools/南京大学/006-Count Number of Binary Strings.md,,keep,
南京大学,007,Stepping Numbers,保研,待补充,待定,,待补充题目,schools/南京大学/007-Stepping Numbers.md,,keep,
南京大学,008,男生和女生的不相邻排列,保研,待补充,待定,,待补充题目,schools/南京大学/008-男生和女生的不相邻排列.md,,keep,
南京大学,009,删除数字使剩余数最小,保研,待补充,待定,,待补充题目,schools/南京大学/009-删除数字使剩余数最小.md,,keep,
南京大学,010,数字最小化问题,保研,待补充,待定,,待补充题目,schools/南京大学/010-数字最小化问题.md,,keep,
南京大学,011,删除数字使结果最大,保研,待补充,待定,,待补充题目,schools/南京大学/011-删除数字使结果最大.md,,keep,
南京大学,012,完全背包问题,考研,待补充,待定,,待补充题目,schools/南京大学/012-完全背包问题.md,,keep,
南京大学,013,最长连续公共子序列,考研,待补充,待定,,待补充题目,schools/南京大学/013-最长连续公共子序列.md,,keep,
南京大学,014,二叉树遍历,考研,待补充,待定,,待补充题目,schools/南京大学/014-二叉树遍历.md,,keep,
南京大学,015,数字计数,考研,待补充,待定,,待补充题目,schools/南京大学/015-数字计数.md,,keep,
南京理工大学,001,架线方案,保研,已整理,简单,数学,已整理题目,schools/南京理工大学/001-架线方案.md,,keep,
南京理工大学,002,女士优先,保研,已整理,中等,"图论,数据结构,队列",已整理题目,schools/南京理工大学/002-女士优先.md,南京理工大学-dup-01,remove,
南京理工大学,003,紧急支援,考研,已整理,简单,数学,已整理题目,schools/南京理工大学/003-紧急支援.md,,keep,
南京理工大学,004,求阶乘,考研,已整理,简单,数学,已整理题目,schools/南京理工大学/004-求阶乘.md,,keep,
南京理工大学,005,最长递增子序列,保研,待补充,待定,,待补充题目,schools/南京理工大学/005-最长递增子序列.md,,keep,
南京理工大学,006,括号匹配,保研,待补充,待定,,待补充题目,schools/南京理工大学/006-括号匹配.md,,keep,
南京理工大学,007,AQIP 操作,考研,待补充,待定,,待补充题目,schools/南京理工大学/007-AQIP 操作.md,,keep,
南京理工大学,008,括号匹配二,考研,待补充,待定,,待补充题目,schools/南京理工大学/008-括号匹配二.md,,keep,
南京理工大学,009,南京理工,考研,待补充,待定,,待补充题目,schools/南京理工大学/009-南京理工.md,,keep,
南京邮电大学,001,回文回文,考研,已整理,简单,"字符串,数学",已整理题目,schools/南京邮电大学/001-回文回文.md,,keep,
南京邮电大学,002,商店折扣,考研,已整理,简单,数学,已整理题目,schools/南京邮电大学/002-商店折扣.md,,keep,
南京邮电大学,003,数组清零,考研,已整理,中等,数学,已整理题目,schools/南京邮电大学/003-数组清零.md,,keep,
南京邮电大学,004,最长连续段,考研,已整理,中等,数学,已整理题目,schools/南京邮电大学/004-最长连续段.md,,keep,
南京邮电大学,005,划分字符串,考研,已整理,中等,"字符串,数学",已整理题目,schools/南京邮电大学/005-划分字符串.md,,keep,
南京邮电大学,006,金币收集,考研,已整理,中等,数学,已整理题目,schools/南京邮电大学/006-金币收集.md,,keep,
南京邮电大学,007,忠诚的骑士,考研,已整理,简单,数学,已整理题目,schools/南京邮电大学/007-忠诚的骑士.md,,keep,
南京邮电大学,008,小明与选择题,考研,已整理,简单,数学,已整理题目,schools/南京邮电大学/008-小明与选择题.md,,keep,
南京邮电大学,009,拼数,考研,已整理,简单,"字符串,数学",已整理题目,schools/南京邮电大学/009-拼数.md,,keep,
南京邮电大学,010,多边形,考研,已整理,困难,"图论,数学",已整理题目,schools/南京邮电大学/010-多边形.md,,keep,
南京邮电大学,011,谐音替换,考研,已整理,困难,"字符串,数学",已整理题目,schools/南京邮电大学/011-谐音替换.md,,keep,
南京邮电大学,012,矩阵变换问题,考研,已整理,简单,数学,已整理题目,schools/南京邮电大学/012-矩阵变换问题.md,,keep,
南京邮电大学,013,小明的抽奖游戏,考研,已整理,中等,数学,已整理题目,schools/南京邮电大学/013-小明的抽奖游戏.md,,keep,
南京邮电大学,014,子串计数,考研,已整理,中等,"字符串,数学",已整理题目,schools/南京邮电大学/014-子串计数.md,,keep,
南京邮电大学,015,社交网络,考研,已整理,简单,数学,已整理题目,schools/南京邮电大学/015-社交网络.md,,keep,
南京邮电大学,016,数字游戏,考研,已整理,中等,数学,已整理题目,schools/南京邮电大学/016-数字游戏.md,,keep,
南京邮电大学,017,扫雷分析器,考研,已整理,简单,数学,已整理题目,schools/南京邮电大学/017-扫雷分析器.md,,keep,
南京邮电大学,018,候鸟迁移,考研,已整理,中等,数学,已整理题目,schools/南京邮电大学/018-候鸟迁移.md,,keep,
南京邮电大学,019,金卡换位,考研,已整理,简单,"字符串,数学",已整理题目,schools/南京邮电大学/019-金卡换位.md,,keep,
南京邮电大学,020,名聚四海,考研,已整理,简单,数学,已整理题目,schools/南京邮电大学/020-名聚四海.md,,keep,
南京邮电大学,021,单源最短路,考研,待补充,待定,,待补充题目,schools/南京邮电大学/021-单源最短路.md,,keep,
南京邮电大学,022,萌萌摘苹果,考研,待补充,待定,,待补充题目,schools/南京邮电大学/022-萌萌摘苹果.md,,keep,
南京邮电大学,023,金字塔,考研,待补充,待定,,待补充题目,schools/南京邮电大学/023-金字塔.md,,keep,
南京邮电大学,024,优美的数字,考研,待补充,待定,,待补充题目,schools/南京邮电大学/024-优美的数字.md,,keep,
南京邮电大学,025,日历制作,考研,待补充,待定,,待补充题目,schools/南京邮电大学/025-日历制作.md,,keep,
南京邮电大学,026,排兵布阵,考研,待补充,待定,,待补充题目,schools/南京邮电大学/026-排兵布阵.md,,keep,
南京邮电大学,027,有趣的数字和,考研,待补充,待定,,待补充题目,schools/南京邮电大学/027-有趣的数字和.md,,keep,
南京邮电大学,028,数字选取,考研,待补充,待定,,待补充题目,schools/南京邮电大学/028-数字选取.md,,keep,
南京邮电大学,029,货物运输,考研,待补充,待定,,待补充题目,schools/南京邮电大学/029-货物运输.md,,keep,
南京邮电大学,030,连通图,考研,待补充,待定,,待补充题目,schools/南京邮电大学/030-连通图.md,,keep,
南京邮电大学,031,最短距离,考研,待补充,待定,,待补充题目,schools/南京邮电大学/031-最短距离.md,,keep,
南京邮电大学,032,最小生成树,考研,待补充,待定,,待补充题目,schools/南京邮电大学/032-最小生成树.md,,keep,
南京邮电大学,033,最小质数合数之和问题,考研,待补充,待定,,待补充题目,schools/南京邮电大学/033-最小质数合数之和问题.md,,keep,
南京邮电大学,034,级数求和,考研,待补充,待定,,待补充题目,schools/南京邮电大学/034-级数求和.md,,keep,
南京邮电大学,035,小明喝可乐,考研,待补充,待定,,待补充题目,schools/南京邮电大学/035-小明喝可乐.md,,keep,
南京邮电大学,036,华强种瓜,考研,待补充,待定,,待补充题目,schools/南京邮电大学/036-华强种瓜.md,,keep,
南京邮电大学,037,座位,考研,待补充,待定,,待补充题目,schools/南京邮电大学/037-座位.md,,keep,
南京邮电大学,038,异或和,考研,待补充,待定,,待补充题目,schools/南京邮电大学/038-异或和.md,,keep,
南京邮电大学,039,社团招新,考研,待补充,待定,,待补充题目,schools/南京邮电大学/039-社团招新.md,,keep,
南京邮电大学,040,道路修复,考研,待补充,待定,,待补充题目,schools/南京邮电大学/040-道路修复.md,,keep,
南京邮电大学,041,员工招聘,考研,待补充,待定,,待补充题目,schools/南京邮电大学/041-员工招聘.md,,keep,
南京邮电大学,042,天子与诸侯,考研,待补充,待定,,待补充题目,schools/南京邮电大学/042-天子与诸侯.md,,keep,
南京邮电大学,043,小明的记忆游戏,考研,待补充,待定,,待补充题目,schools/南京邮电大学/043-小明的记忆游戏.md,,keep,
南京邮电大学,044,小明算树,考研,待补充,待定,,待补充题目,schools/南京邮电大学/044-小明算树.md,,keep,
南京邮电大学,045,小明算分,考研,待补充,待定,,待补充题目,schools/南京邮电大学/045-小明算分.md,,keep,
南京邮电大学,046,开普勒星球历法,考研,待补充,待定,,待补充题目,schools/南京邮电大学/046-开普勒星球历法.md,,keep,
南京邮电大学,047,房屋装修,考研,待补充,待定,,待补充题目,schools/南京邮电大学/047-房屋装修.md,,keep,
南京邮电大学,048,最长连续上升子序列,考研,待补充,待定,,待补充题目,schools/南京邮电大学/048-最长连续上升子序列.md,,keep,
南京邮电大学,049,极速狂飙,考研,待补充,待定,,待补充题目,schools/南京邮电大学/049-极速狂飙.md,,keep,
南京邮电大学,050,灰猎犬号,考研,待补充,待定,,待补充题目,schools/南京邮电大学/050-灰猎犬号.md,,keep,
南京邮电大学,051,载人航天,考研,待补充,待定,,待补充题目,schools/南京邮电大学/051-载人航天.md,,keep,
南京邮电大学,052,密码问题,考研,待补充,待定,,待补充题目,schools/南京邮电大学/052-密码问题.md,,keep,
南京邮电大学,053,拿破仑传,考研,待补充,待定,,待补充题目,schools/南京邮电大学/053-拿破仑传.md,,keep,
南京邮电大学,054,金玉满堂,考研,待补充,待定,,待补充题目,schools/南京邮电大学/054-金玉满堂.md,,keep,
南京邮电大学,055,技能选择,考研,待补充,待定,,待补充题目,schools/南京邮电大学/055-技能选择.md,,keep,
南京邮电大学,056,送货上门,考研,待补充,待定,,待补充题目,schools/南京邮电大学/056-送货上门.md,,keep,
南京邮电大学,057,榜水三峡,考研,待补充,待定,,待补充题目,schools/南京邮电大学/057-榜水三峡.md,,keep,
南京邮电大学,058,题名寰宇,考研,待补充,待定,,待补充题目,schools/南京邮电大学/058-题名寰宇.md,,keep,
厦门大学,001,计算Unicode字符串的字长,保研,已整理,简单,"字符串,数学",已整理题目,schools/厦门大学/001-计算Unicode字符串的字长.md,,keep,
厦门大学,002,矩阵转置,考研,已整理,中等,数学,已整理题目,schools/厦门大学/002-矩阵转置.md,,keep,
厦门大学,003,非素数个数,考研,已整理,简单,数学,已整理题目,schools/厦门大学/003-非素数个数.md,,keep,
厦门大学,004,螺旋矩阵,保研,待补充,待定,,待补充题目,schools/厦门大学/004-螺旋矩阵.md,,keep,
厦门大学,005,循环位移,考研,待补充,待定,,待补充题目,schools/厦门大学/005-循环位移.md,,keep,
厦门大学,006,01字符串,考研,待补充,待定,,待补充题目,schools/厦门大学/006-01字符串.md,,keep,
厦门大学,007,反转公约数,考研,待补充,待定,,待补充题目,schools/厦门大学/007-反转公约数.md,,keep,
厦门大学,008,最大子串和,考研,待补充,待定,,待补充题目,schools/厦门大学/008-最大子串和.md,,keep,
吉林大学,001,搬水果,保研,已整理,简单,"数据结构,堆,数学",已整理题目,schools/吉林大学/001-搬水果.md,,keep,
吉林大学,002,怪异的洗牌,保研,已整理,中等,数学,已整理题目,schools/吉林大学/002-怪异的洗牌.md,,keep,
吉林大学,003,字符串的反码,考研,已整理,中等,"字符串,数学",已整理题目,schools/吉林大学/003-字符串的反码.md,,keep,
吉林大学,004,排列与二进制,考研,已整理,中等,数学,已整理题目,schools/吉林大学/004-排列与二进制.md,,keep,
吉林大学,005,平方因子,保研,待补充,待定,,待补充题目,schools/吉林大学/005-平方因子.md,,keep,
吉林大学,006,三角形的边,保研,待补充,待定,,待补充题目,schools/吉林大学/006-三角形的边.md,,keep,
吉林大学,007,平方因子,考研,待补充,待定,,待补充题目,schools/吉林大学/007-平方因子.md,,keep,
吉林大学,008,三角形的边,考研,待补充,待定,,待补充题目,schools/吉林大学/008-三角形的边.md,,keep,
吉林大学,009,连通图,考研,待补充,待定,,待补充题目,schools/吉林大学/009-连通图.md,,keep,
吉林大学,010,数字之和,考研,待补充,待定,,待补充题目,schools/吉林大学/010-数字之和.md,,keep,
同济大学,001,字母列位置输出,保研,已整理,简单,"字符串,数学",已整理题目,schools/同济大学/001-字母列位置输出.md,,keep,
同济大学,002,二分查找的最大次数,考研,已整理,中等,"二分,排序,数学",已整理题目,schools/同济大学/002-二分查找的最大次数.md,,keep,
同济大学,003,高精度二进制小数转十进制,保研,待补充,待定,,待补充题目,schools/同济大学/003-高精度二进制小数转十进制.md,,keep,
同济大学,004,加法运算符重载,保研,待补充,待定,,待补充题目,schools/同济大学/004-加法运算符重载.md,,keep,
同济大学,005,字符串对齐,考研,待补充,待定,,待补充题目,schools/同济大学/005-字符串对齐.md,,keep,
哈尔滨工业大学,001,交换数组中的最大值和最小值,保研,已整理,简单,数学,已整理题目,schools/哈尔滨工业大学/001-交换数组中的最大值和最小值.md,哈尔滨工业大学-dup-01,review,近重复待复核
哈尔滨工业大学,002,求最大值,保研,已整理,简单,数学,已整理题目,schools/哈尔滨工业大学/002-求最大值.md,哈尔滨工业大学-dup-02,review,近重复待复核
哈尔滨工业大学,003,字符串连接函数实现,保研,已整理,简单,"字符串,数学",已整理题目,schools/哈尔滨工业大学/003-字符串连接函数实现.md,,keep,
哈尔滨工业大学,004,判断三角形类型,保研,已整理,简单,"图论,数学",已整理题目,schools/哈尔滨工业大学/004-判断三角形类型.md,,keep,
哈尔滨工业大学,005,百万富翁问题,考研,已整理,简单,数学,已整理题目,schools/哈尔滨工业大学/005-百万富翁问题.md,,keep,
哈尔滨工业大学,006,哈尔滨工业大学,考研,已整理,中等,数学,已整理题目,schools/哈尔滨工业大学/006-哈尔滨工业大学.md,,keep,
哈尔滨工业大学,007,求最大值,考研,已整理,简单,数学,已整理题目,schools/哈尔滨工业大学/007-求最大值.md,哈尔滨工业大学-dup-02,review,近重复待复核
哈尔滨工业大学,008,互换最大最小数,考研,已整理,简单,数学,已整理题目,schools/哈尔滨工业大学/008-互换最大最小数.md,哈尔滨工业大学-dup-01,review,近重复待复核
哈尔滨工业大学,009,百万富翁与陌生人的换钱计划,保研,待补充,待定,,待补充题目,schools/哈尔滨工业大学/009-百万富翁与陌生人的换钱计划.md,,keep,
哈尔滨工业大学,010,字符串逆置输出,保研,待补充,待定,,待补充题目,schools/哈尔滨工业大学/010-字符串逆置输出.md,,keep,
哈尔滨工业大学,011,去除指定字符,保研,待补充,待定,,待补充题目,schools/哈尔滨工业大学/011-去除指定字符.md,,keep,
哈尔滨工业大学,012,求1,保研,待补充,待定,,待补充题目,schools/哈尔滨工业大学/012-求1.md,,keep,
哈尔滨工业大学,013,矩阵乘法,保研,待补充,待定,,待补充题目,schools/哈尔滨工业大学/013-矩阵乘法.md,,keep,
哈尔滨工业大学,014,众数统计,保研,待补充,待定,,待补充题目,schools/哈尔滨工业大学/014-众数统计.md,,keep,
哈尔滨工业大学,015,判断三角形类型,考研,待补充,待定,,待补充题目,schools/哈尔滨工业大学/015-判断三角形类型.md,,keep,
哈尔滨工业大学,016,百鸡问题,考研,待补充,待定,,待补充题目,schools/哈尔滨工业大学/016-百鸡问题.md,,keep,
哈尔滨工业大学,017,数字阶梯求和,考研,待补充,待定,,待补充题目,schools/哈尔滨工业大学/017-数字阶梯求和.md,,keep,
哈尔滨工业大学,018,字符串链接,考研,待补充,待定,,待补充题目,schools/哈尔滨工业大学/018-字符串链接.md,,keep,
哈尔滨工业大学,019,众数,考研,待补充,待定,,待补充题目,schools/哈尔滨工业大学/019-众数.md,,keep,
哈尔滨工业大学,020,找x,考研,待补充,待定,,待补充题目,schools/哈尔滨工业大学/020-找x.md,,keep,
哈尔滨工业大学,021,字符串内排序,考研,待补充,待定,,待补充题目,schools/哈尔滨工业大学/021-字符串内排序.md,,keep,
四川大学,001,分数求和,保研,已整理,简单,数学,已整理题目,schools/四川大学/001-分数求和.md,四川大学-dup-01,remove,
四川大学,002,分解质因数,考研,已整理,简单,数学,已整理题目,schools/四川大学/002-分解质因数.md,,keep,
四川大学,003,输出柱状图,考研,已整理,中等,"图论,数学",已整理题目,schools/四川大学/003-输出柱状图.md,,keep,
四川大学,004,单链表节点交换,考研,已整理,简单,"数据结构,链表,数学",已整理题目,schools/四川大学/004-单链表节点交换.md,,keep,
四川大学,005,字符串编辑距离,保研,待补充,待定,,待补充题目,schools/四川大学/005-字符串编辑距离.md,,keep,
四川大学,006,不甘心的皇后,考研,待补充,待定,,待补充题目,schools/四川大学/006-不甘心的皇后.md,,keep,
四川大学,007,特别的除法,考研,待补充,待定,,待补充题目,schools/四川大学/007-特别的除法.md,,keep,
四川大学,008,极大连通图个数,考研,待补充,待定,,待补充题目,schools/四川大学/008-极大连通图个数.md,,keep,
四川大学,009,字符串编辑距离,考研,待补充,待定,,待补充题目,schools/四川大学/009-字符串编辑距离.md,,keep,
四川大学,010,Problem A,考研,待补充,待定,,待补充题目,schools/四川大学/010-Problem A.md,,keep,
四川大学,011,求矩阵的鞍点,考研,待补充,待定,,待补充题目,schools/四川大学/011-求矩阵的鞍点.md,,keep,
四川大学,012,求组合数,考研,待补充,待定,,待补充题目,schools/四川大学/012-求组合数.md,,keep,
四川大学,013,四舍五入问题,考研,待补充,待定,,待补充题目,schools/四川大学/013-四舍五入问题.md,,keep,
复旦大学,001,拼出fudan,保研,已整理,简单,"字符串,枚举",已整理题目,schools/复旦大学/001-拼出fudan.md,,keep,
复旦大学,002,INTa语言解释器,保研,已整理,困难,"模拟,字符串,数据结构",已整理题目,schools/复旦大学/002-INTa语言解释器.md,,keep,
复旦大学,003,皇后大战,保研,已整理,困难,"图论,DFS,哈希",已整理题目,schools/复旦大学/003-皇后大战.md,,keep,
复旦大学,004,特殊的最短路,保研,已整理,困难,"图论,最短路,堆",已整理题目,schools/复旦大学/004-特殊的最短路.md,,keep,
复旦大学,005,字符串的重复输出,保研,已整理,简单,"字符串,模拟",已整理题目,schools/复旦大学/005-字符串的重复输出.md,,keep,
复旦大学,006,Hanoi 塔问题,保研,已整理,中等,递归,已整理题目,schools/复旦大学/006-Hanoi 塔问题.md,,keep,
复旦大学,007,双向 TSP,保研,已整理,困难,动态规划,已整理题目,schools/复旦大学/007-双向 TSP.md,,keep,
复旦大学,008,骨牌,保研,已整理,中等,"动态规划,数学",已整理题目,schools/复旦大学/008-骨牌.md,,keep,
复旦大学,009,取负数或原值的方案数,保研,已整理,中等,"动态规划,背包",已整理题目,schools/复旦大学/009-取负数或原值的方案数.md,,keep,
复旦大学,010,解一元一次方程,保研,已整理,中等,"字符串,模拟,数学",已整理题目,schools/复旦大学/010-解一元一次方程.md,复旦大学-dup-01,remove,
复旦大学,011,最大公共子串,保研,已整理,困难,"字符串,动态规划",已整理题目,schools/复旦大学/011-最大公共子串.md,复旦大学-dup-03,keep,
复旦大学,012,中位数,保研,已整理,简单,排序,已整理题目,schools/复旦大学/012-中位数.md,,keep,
复旦大学,013,日期天数计算,保研,已整理,简单,"模拟,数学",已整理题目,schools/复旦大学/013-日期天数计算.md,,keep,
复旦大学,014,二叉树最大叶子间距,保研,已整理,中等,"树,二叉树,DFS",已整理题目,schools/复旦大学/014-二叉树最大叶子间距.md,,keep,
复旦大学,015,素数障碍最短路径,保研,已整理,困难,"图论,最短路,BFS",已整理题目,schools/复旦大学/015-素数障碍最短路径.md,,keep,
复旦大学,016,计算学习时间,保研,已整理,中等,模拟,已整理题目,schools/复旦大学/016-计算学习时间.md,,keep,
复旦大学,017,二分查找次数计算,保研,已整理,简单,二分,已整理题目,schools/复旦大学/017-二分查找次数计算.md,,keep,
复旦大学,018,最大连续子序列和,保研,已整理,简单,动态规划,已整理题目,schools/复旦大学/018-最大连续子序列和.md,复旦大学-dup-02,review,近重复待复核
复旦大学,019,优先队列操作实现,保研,已整理,中等,"堆,数据结构",已整理题目,schools/复旦大学/019-优先队列操作实现.md,,keep,
复旦大学,020,树的子结构,考研,已整理,中等,"树,二叉树,DFS",已整理题目,schools/复旦大学/020-树的子结构.md,,keep,
复旦大学,021,层次遍历,考研,已整理,中等,"树,二叉树,BFS",已整理题目,schools/复旦大学/021-层次遍历.md,,keep,
复旦大学,022,最大团队表现值,考研,已整理,中等,"排序,堆",已整理题目,schools/复旦大学/022-最大团队表现值.md,,keep,
复旦大学,023,完全二叉树,考研,已整理,中等,"树,二叉树,DFS",已整理题目,schools/复旦大学/023-完全二叉树.md,,keep,
复旦大学,024,排队打饭,考研,已整理,中等,"模拟,队列",已整理题目,schools/复旦大学/024-排队打饭.md,,keep,
复旦大学,025,序列,考研,已整理,困难,动态规划,已整理题目,schools/复旦大学/025-序列.md,,keep,
复旦大学,026,最大连续子序列,考研,已整理,简单,动态规划,已整理题目,schools/复旦大学/026-最大连续子序列.md,复旦大学-dup-02,review,近重复待复核
复旦大学,027,集合交并,考研,已整理,简单,哈希,已整理题目,schools/复旦大学/027-集合交并.md,,keep,
复旦大学,028,求解校验码,考研,已整理,简单,"模拟,数学",已整理题目,schools/复旦大学/028-求解校验码.md,,keep,
复旦大学,029,后缀序列,考研,已整理,简单,栈,已整理题目,schools/复旦大学/029-后缀序列.md,,keep,
复旦大学,030,长方形中的正方形,考研,已整理,简单,数学,已整理题目,schools/复旦大学/030-长方形中的正方形.md,,keep,
复旦大学,031,求最大连续公共字串长度,考研,已整理,中等,"字符串,动态规划",已整理题目,schools/复旦大学/031-求最大连续公共字串长度.md,复旦大学-dup-03,keep,
复旦大学,032,非日型皇后放置,保研,待补充,待定,,待补充题目,schools/复旦大学/032-非日型皇后放置.md,,keep,
复旦大学,033,可达方格数查询,保研,待补充,待定,,待补充题目,schools/复旦大学/033-可达方格数查询.md,,keep,
复旦大学,034,最长不下降子序列,保研,待补充,待定,,待补充题目,schools/复旦大学/034-最长不下降子序列.md,,keep,
复旦大学,035,小明学习时间,保研,待补充,待定,,待补充题目,schools/复旦大学/035-小明学习时间.md,,keep,
复旦大学,036,括号字符串处理,保研,待补充,待定,,待补充题目,schools/复旦大学/036-括号字符串处理.md,,keep,
复旦大学,037,双向TSP/Bitonic TSP,保研,待补充,待定,,待补充题目,schools/复旦大学/037-双向TSP／Bitonic TSP.md,,keep,
复旦大学,038,字符串的编辑距离,保研,待补充,待定,,待补充题目,schools/复旦大学/038-字符串的编辑距离.md,,keep,
复旦大学,039,二叉树前中后序遍历,保研,待补充,待定,,待补充题目,schools/复旦大学/039-二叉树前中后序遍历.md,,keep,
复旦大学,040,最小权值序列,保研,待补充,待定,,待补充题目,schools/复旦大学/040-最小权值序列.md,,keep,
复旦大学,041,二叉搜索树,保研,待补充,待定,,待补充题目,schools/复旦大学/041-二叉搜索树.md,,keep,
复旦大学,042,跳台阶问题,保研,待补充,待定,,待补充题目,schools/复旦大学/042-跳台阶问题.md,,keep,
复旦大学,043,最大连续子序列,保研,待补充,待定,,待补充题目,schools/复旦大学/043-最大连续子序列.md,,keep,
复旦大学,044,长方形中的正方形,保研,待补充,待定,,待补充题目,schools/复旦大学/044-长方形中的正方形.md,,keep,
复旦大学,045,众数问题,保研,待补充,待定,,待补充题目,schools/复旦大学/045-众数问题.md,,keep,
复旦大学,046,打地鼠,保研,待补充,待定,,待补充题目,schools/复旦大学/046-打地鼠.md,,keep,
复旦大学,047,排队打饭,保研,待补充,待定,,待补充题目,schools/复旦大学/047-排队打饭.md,,keep,
复旦大学,048,A 与 B 得到 C,保研,待补充,待定,,待补充题目,schools/复旦大学/048-A 与 B 得到 C.md,,keep,
复旦大学,049,序列权值的最小值,保研,待补充,待定,,待补充题目,schools/复旦大学/049-序列权值的最小值.md,,keep,
复旦大学,050,求最大公共子串长度,保研,待补充,待定,,待补充题目,schools/复旦大学/050-求最大公共子串长度.md,,keep,
复旦大学,051,后缀序列求值,保研,待补充,待定,,待补充题目,schools/复旦大学/051-后缀序列求值.md,,keep,
复旦大学,052,最长公共连续子串,保研,待补充,待定,,待补充题目,schools/复旦大学/052-最长公共连续子串.md,,keep,
复旦大学,053,字符串编辑距离,保研,待补充,待定,,待补充题目,schools/复旦大学/053-字符串编辑距离.md,,keep,
复旦大学,054,哈夫曼编码的最短长度,保研,待补充,待定,,待补充题目,schools/复旦大学/054-哈夫曼编码的最短长度.md,,keep,
复旦大学,055,铺地板问题,保研,待补充,待定,,待补充题目,schools/复旦大学/055-铺地板问题.md,,keep,
复旦大学,056,二叉树的形态数,保研,待补充,待定,,待补充题目,schools/复旦大学/056-二叉树的形态数.md,,keep,
复旦大学,057,中序与后序求层次遍历,保研,待补充,待定,,待补充题目,schools/复旦大学/057-中序与后序求层次遍历.md,,keep,
复旦大学,058,斗牛,保研,待补充,待定,,待补充题目,schools/复旦大学/058-斗牛.md,,keep,
复旦大学,059,字符串匹配,保研,待补充,待定,,待补充题目,schools/复旦大学/059-字符串匹配.md,,keep,
复旦大学,060,A Famous ICPC Team,保研,待补充,待定,,待补充题目,schools/复旦大学/060-A Famous ICPC Team.md,,keep,
复旦大学,061,判断两数能否通过运算得到第三数,保研,待补充,待定,,待补充题目,schools/复旦大学/061-判断两数能否通过运算得到第三数.md,,keep,
复旦大学,062,成绩排序,保研,待补充,待定,,待补充题目,schools/复旦大学/062-成绩排序.md,,keep,
复旦大学,063,字符串括号处理,保研,待补充,待定,,待补充题目,schools/复旦大学/063-字符串括号处理.md,,keep,
复旦大学,064,ISBN 校验位计算,保研,待补充,待定,,待补充题目,schools/复旦大学/064-ISBN 校验位计算.md,,keep,
复旦大学,065,数的间隙,考研,待补充,待定,,待补充题目,schools/复旦大学/065-数的间隙.md,,keep,
复旦大学,066,高尔夫比赛的森林砍树,考研,待补充,待定,,待补充题目,schools/复旦大学/066-高尔夫比赛的森林砍树.md,,keep,
复旦大学,067,k小数,考研,待补充,待定,,待补充题目,schools/复旦大学/067-k小数.md,,keep,
复旦大学,068,最快到达,考研,待补充,待定,,待补充题目,schools/复旦大学/068-最快到达.md,,keep,
复旦大学,069,字符串编辑距离,考研,待补充,待定,,待补充题目,schools/复旦大学/069-字符串编辑距离.md,,keep,
复旦大学,070,概率最大的路径,考研,待补充,待定,,待补充题目,schools/复旦大学/070-概率最大的路径.md,,keep,
复旦大学,071,爬楼梯,考研,待补充,待定,,待补充题目,schools/复旦大学/071-爬楼梯.md,,keep,
复旦大学,072,目标和,考研,待补充,待定,,待补充题目,schools/复旦大学/072-目标和.md,,keep,
复旦大学,073,斗牛,考研,待补充,待定,,待补充题目,schools/复旦大学/073-斗牛.md,,keep,
复旦大学,074,打地鼠,考研,待补充,待定,,待补充题目,schools/复旦大学/074-打地鼠.md,,keep,
复旦大学,075,二叉搜索树,考研,待补充,待定,,待补充题目,schools/复旦大学/075-二叉搜索树.md,,keep,
复旦大学,076,日期差值,考研,待补充,待定,,待补充题目,schools/复旦大学/076-日期差值.md,,keep,
复旦大学,077,有向树形态,考研,待补充,待定,,待补充题目,schools/复旦大学/077-有向树形态.md,,keep,
复旦大学,078,求众数,考研,待补充,待定,,待补充题目,schools/复旦大学/078-求众数.md,,keep,
复旦大学,079,骨牌,考研,待补充,待定,,待补充题目,schools/复旦大学/079-骨牌.md,,keep,
复旦大学,080,求交点,考研,待补充,待定,,待补充题目,schools/复旦大学/080-求交点.md,,keep,
复旦大学,081,约数求和,考研,待补充,待定,,待补充题目,schools/复旦大学/081-约数求和.md,,keep,
复旦大学,082,求中位数,考研,待补充,待定,,待补充题目,schools/复旦大学/082-求中位数.md,,keep,
复旦大学,083,无向图,考研,待补充,待定,,待补充题目,schools/复旦大学/083-无向图.md,,keep,
复旦大学,084,最大公共子串长度,考研,待补充,待定,,待补充题目,schools/复旦大学/084-最大公共子串长度.md,,keep,
复旦大学,085,哈夫曼编码,考研,待补充,待定,,待补充题目,schools/复旦大学/085-哈夫曼编码.md,,keep,
复旦大学,086,Hanoi塔问题,考研,待补充,待定,,待补充题目,schools/复旦大学/086-Hanoi塔问题.md,,keep,
复旦大学,087,a与b得到c,考研,待补充,待定,,待补充题目,schools/复旦大学/087-a与b得到c.md,,keep,
复旦大学,088,最长公共子序列LCS,考研,待补充,待定,,待补充题目,schools/复旦大学/088-最长公共子序列LCS.md,,keep,
天津大学,001,消消乐,保研,已整理,简单,"字符串,数学",已整理题目,schools/天津大学/001-消消乐.md,,keep,
天津大学,002,月饼礼盒,保研,已整理,中等,数学,已整理题目,schools/天津大学/002-月饼礼盒.md,,keep,
天津大学,003,完美子序列,保研,已整理,中等,"数据结构,队列,数学",已整理题目,schools/天津大学/003-完美子序列.md,,keep,
天津大学,004,买水果,保研,已整理,简单,数学,已整理题目,schools/天津大学/004-买水果.md,,keep,
天津大学,005,跳着数数,保研,已整理,中等,数学,已整理题目,schools/天津大学/005-跳着数数.md,,keep,
天津大学,006,字符串压缩,保研,已整理,简单,"字符串,数学",已整理题目,schools/天津大学/006-字符串压缩.md,,keep,
天津大学,007,加密攻击,保研,已整理,中等,"字符串,数学",已整理题目,schools/天津大学/007-加密攻击.md,,keep,
天津大学,008,最短包含所有字母的子串,保研,已整理,简单,"字符串,数学",已整理题目,schools/天津大学/008-最短包含所有字母的子串.md,,keep,
天津大学,009,区间覆盖,保研,已整理,简单,数学,已整理题目,schools/天津大学/009-区间覆盖.md,,keep,
天津大学,010,符合条件的子串个数,保研,已整理,中等,"字符串,数学",已整理题目,schools/天津大学/010-符合条件的子串个数.md,,keep,
天津大学,011,Magical String Conversion,保研,已整理,简单,"字符串,数学",已整理题目,schools/天津大学/011-Magical String Conversion.md,,keep,
天津大学,012,矩阵乘法计算,保研,已整理,简单,数学,已整理题目,schools/天津大学/012-矩阵乘法计算.md,天津大学-dup-01,remove,
天津大学,013,最大直角三角形,保研,已整理,中等,数学,已整理题目,schools/天津大学/013-最大直角三角形.md,,keep,
天津大学,014,畅通工程,考研,已整理,简单,"图论,数学",已整理题目,schools/天津大学/014-畅通工程.md,,keep,
天津大学,015,MST和MST,保研,待补充,待定,,待补充题目,schools/天津大学/015-MST和MST.md,,keep,
天津大学,016,流量计费,保研,待补充,待定,,待补充题目,schools/天津大学/016-流量计费.md,,keep,
天津大学,017,最长子串,保研,待补充,待定,,待补充题目,schools/天津大学/017-最长子串.md,,keep,
天津大学,018,小天的密码本,保研,待补充,待定,,待补充题目,schools/天津大学/018-小天的密码本.md,,keep,
天津大学,019,星期几,保研,待补充,待定,,待补充题目,schools/天津大学/019-星期几.md,,keep,
天津大学,020,最多格子,保研,待补充,待定,,待补充题目,schools/天津大学/020-最多格子.md,,keep,
天津大学,021,整数化,保研,待补充,待定,,待补充题目,schools/天津大学/021-整数化.md,,keep,
天津大学,022,多项评价指标,保研,待补充,待定,,待补充题目,schools/天津大学/022-多项评价指标.md,,keep,
天津大学,023,掩码匹配,保研,待补充,待定,,待补充题目,schools/天津大学/023-掩码匹配.md,,keep,
天津大学,024,更短的最短路,保研,待补充,待定,,待补充题目,schools/天津大学/024-更短的最短路.md,,keep,
天津大学,025,异或游戏,保研,待补充,待定,,待补充题目,schools/天津大学/025-异或游戏.md,,keep,
天津大学,026,覆盖,保研,待补充,待定,,待补充题目,schools/天津大学/026-覆盖.md,,keep,
天津大学,027,海棠节填字游戏,保研,待补充,待定,,待补充题目,schools/天津大学/027-海棠节填字游戏.md,,keep,
天津大学,028,会议室预约冲突,保研,待补充,待定,,待补充题目,schools/天津大学/028-会议室预约冲突.md,,keep,
天津大学,029,长度最小,保研,待补充,待定,,待补充题目,schools/天津大学/029-长度最小.md,,keep,
天津大学,030,最大全1子矩阵,保研,待补充,待定,,待补充题目,schools/天津大学/030-最大全1子矩阵.md,,keep,
天津大学,031,机器分配,保研,待补充,待定,,待补充题目,schools/天津大学/031-机器分配.md,,keep,
天津大学,032,最长完美区间,保研,待补充,待定,,待补充题目,schools/天津大学/032-最长完美区间.md,,keep,
天津大学,033,数字位数和素数,保研,待补充,待定,,待补充题目,schools/天津大学/033-数字位数和素数.md,,keep,
天津大学,034,旅游城市数量最大化,保研,待补充,待定,,待补充题目,schools/天津大学/034-旅游城市数量最大化.md,,keep,
天津大学,035,IP地址组合计数,保研,待补充,待定,,待补充题目,schools/天津大学/035-IP地址组合计数.md,,keep,
天津大学,036,斐波那契数列加强版,保研,待补充,待定,,待补充题目,schools/天津大学/036-斐波那契数列加强版.md,,keep,
天津大学,037,斐波那契数列,保研,待补充,待定,,待补充题目,schools/天津大学/037-斐波那契数列.md,,keep,
天津大学,038,字符串加密,保研,待补充,待定,,待补充题目,schools/天津大学/038-字符串加密.md,,keep,
天津大学,039,含4素数,考研,待补充,待定,,待补充题目,schools/天津大学/039-含4素数.md,,keep,
天津大学,040,计算表达式,考研,待补充,待定,,待补充题目,schools/天津大学/040-计算表达式.md,,keep,
天津大学,041,比他小的数,考研,待补充,待定,,待补充题目,schools/天津大学/041-比他小的数.md,,keep,
天津大学,042,进制转换,考研,待补充,待定,,待补充题目,schools/天津大学/042-进制转换.md,,keep,
安徽大学,001,完数因子和,保研,已整理,简单,数学,已整理题目,schools/安徽大学/001-完数因子和.md,,keep,待复核
山东大学,001,最长递减子序列,保研,已整理,简单,数学,已整理题目,schools/山东大学/001-最长递减子序列.md,,keep,
山东大学,002,质数的个数,保研,已整理,简单,数学,已整理题目,schools/山东大学/002-质数的个数.md,山东大学-dup-01,remove,
山东大学,003,插入乘号,考研,已整理,简单,数学,已整理题目,schools/山东大学/003-插入乘号.md,,keep,
山东大学,004,整数序列,保研,待补充,待定,,待补充题目,schools/山东大学/004-整数序列.md,,keep,
山东大学,005,简单的分数求和,保研,待补充,待定,,待补充题目,schools/山东大学/005-简单的分数求和.md,,keep,
山东大学,006,字符串的差,考研,待补充,待定,,待补充题目,schools/山东大学/006-字符串的差.md,,keep,
山东大学,007,最长递减子序列,考研,待补充,待定,,待补充题目,schools/山东大学/007-最长递减子序列.md,,keep,
山东大学,008,整数序列,考研,待补充,待定,,待补充题目,schools/山东大学/008-整数序列.md,,keep,
山东大学,009,简单的分数求和,考研,待补充,待定,,待补充题目,schools/山东大学/009-简单的分数求和.md,,keep,
暨南大学,001,体重排序,考研,已整理,简单,"哈希,排序,数学",已整理题目,schools/暨南大学/001-体重排序.md,,keep,
暨南大学,002,删除区间,考研,已整理,中等,数学,已整理题目,schools/暨南大学/002-删除区间.md,,keep,
暨南大学,003,成绩排名,考研,已整理,简单,"排序,数学",已整理题目,schools/暨南大学/003-成绩排名.md,暨南大学-dup-01,review,同文件重复题名，近重复待复核
暨南大学,004,判断回文串,考研,已整理,简单,"字符串,数学",已整理题目,schools/暨南大学/004-判断回文串.md,,keep,
暨南大学,005,最大子序列的和,考研,已整理,中等,数学,已整理题目,schools/暨南大学/005-最大子序列的和.md,,keep,
暨南大学,006,蛇形矩阵,考研,已整理,简单,数学,已整理题目,schools/暨南大学/006-蛇形矩阵.md,,keep,
暨南大学,007,成绩排名,考研,已整理,简单,"排序,数学",已整理题目,schools/暨南大学/007-成绩排名.md,暨南大学-dup-01,review,同文件重复题名，近重复待复核
暨南大学,008,成绩排序,考研,已整理,简单,"排序,数学",已整理题目,schools/暨南大学/008-成绩排序.md,,keep,
暨南大学,009,容纳矩形,考研,已整理,简单,"图论,数学",已整理题目,schools/暨南大学/009-容纳矩形.md,,keep,
暨南大学,010,高精度乘法,考研,已整理,中等,数学,已整理题目,schools/暨南大学/010-高精度乘法.md,,keep,
暨南大学,011,字符处理,考研,已整理,简单,"字符串,数学",已整理题目,schools/暨南大学/011-字符处理.md,,keep,
暨南大学,012,二元素数组,考研,待补充,待定,,待补充题目,schools/暨南大学/012-二元素数组.md,,keep,
暨南大学,013,逆序对的数量,考研,待补充,待定,,待补充题目,schools/暨南大学/013-逆序对的数量.md,,keep,
暨南大学,014,斐波那契数,考研,待补充,待定,,待补充题目,schools/暨南大学/014-斐波那契数.md,,keep,
暨南大学,015,括号匹配,考研,待补充,待定,,待补充题目,schools/暨南大学/015-括号匹配.md,,keep,
暨南大学,016,求个位数,考研,待补充,待定,,待补充题目,schools/暨南大学/016-求个位数.md,,keep,
暨南大学,017,递归求阶乘,考研,待补充,待定,,待补充题目,schools/暨南大学/017-递归求阶乘.md,,keep,
暨南大学,018,格子涂色,考研,待补充,待定,,待补充题目,schools/暨南大学/018-格子涂色.md,,keep,
暨南大学,019,递增子序列最大和,考研,待补充,待定,,待补充题目,schools/暨南大学/019-递增子序列最大和.md,,keep,
暨南大学,020,偶数分解,考研,待补充,待定,,待补充题目,schools/暨南大学/020-偶数分解.md,,keep,
暨南大学,021,计算第几天,考研,待补充,待定,,待补充题目,schools/暨南大学/021-计算第几天.md,,keep,
暨南大学,022,数塔路径,考研,待补充,待定,,待补充题目,schools/暨南大学/022-数塔路径.md,,keep,
暨南大学,023,字符统计,考研,待补充,待定,,待补充题目,schools/暨南大学/023-字符统计.md,,keep,
暨南大学,024,猜数字,考研,待补充,待定,,待补充题目,schools/暨南大学/024-猜数字.md,,keep,
暨南大学,025,元音处理,考研,待补充,待定,,待补充题目,schools/暨南大学/025-元音处理.md,,keep,
暨南大学,026,数组排序,考研,待补充,待定,,待补充题目,schools/暨南大学/026-数组排序.md,,keep,
暨南大学,027,砍树修路,考研,待补充,待定,,待补充题目,schools/暨南大学/027-砍树修路.md,,keep,
暨南大学,028,冒泡排序,考研,待补充,待定,,待补充题目,schools/暨南大学/028-冒泡排序.md,,keep,
暨南大学,029,矩形覆盖,考研,待补充,待定,,待补充题目,schools/暨南大学/029-矩形覆盖.md,,keep,
杭州电子科技大学,001,死神来了,考研,已整理,简单,数学,已整理题目,schools/杭州电子科技大学/001-死神来了.md,,keep,
杭州电子科技大学,002,胜利大逃亡,考研,已整理,中等,"图论,数学",已整理题目,schools/杭州电子科技大学/002-胜利大逃亡.md,,keep,
杭州电子科技大学,003,Aconly 时间戳,考研,已整理,简单,数学,已整理题目,schools/杭州电子科技大学/003-Aconly 时间戳.md,,keep,
杭州电子科技大学,004,字符串区间翻转,考研,待补充,待定,,待补充题目,schools/杭州电子科技大学/004-字符串区间翻转.md,,keep,
杭州电子科技大学,005,调查作弊,考研,待补充,待定,,待补充题目,schools/杭州电子科技大学/005-调查作弊.md,,keep,
杭州电子科技大学,006,双层汉诺塔,考研,待补充,待定,,待补充题目,schools/杭州电子科技大学/006-双层汉诺塔.md,,keep,
杭州电子科技大学,007,逆序对,考研,待补充,待定,,待补充题目,schools/杭州电子科技大学/007-逆序对.md,,keep,
杭州电子科技大学,008,设计密码,考研,待补充,待定,,待补充题目,schools/杭州电子科技大学/008-设计密码.md,,keep,
武汉大学,001,区间内最近的质数对,保研,已整理,中等,数学,已整理题目,schools/武汉大学/001-区间内最近的质数对.md,,keep,
武汉大学,002,矩阵行调整,保研,已整理,简单,数学,已整理题目,schools/武汉大学/002-矩阵行调整.md,,keep,
武汉大学,003,数字金字塔,保研,已整理,简单,"图论,数学",已整理题目,schools/武汉大学/003-数字金字塔.md,,keep,
武汉大学,004,寻找比给定数大的最小不重复数,保研,已整理,简单,数学,已整理题目,schools/武汉大学/004-寻找比给定数大的最小不重复数.md,武汉大学-dup-01,review,近重复待复核
武汉大学,005,质因数分解,保研,已整理,简单,数学,已整理题目,schools/武汉大学/005-质因数分解.md,武汉大学-dup-03,review,同文件重复题名，近重复待复核
武汉大学,006,质因数分解,保研,已整理,简单,数学,已整理题目,schools/武汉大学/006-质因数分解.md,武汉大学-dup-02,review,同文件重复题名，近重复待复核
武汉大学,007,球组合问题,保研,已整理,简单,"枚举,数学",已整理题目,schools/武汉大学/007-球组合问题.md,,keep,
武汉大学,008,正整数分解质因数,保研,已整理,简单,数学,已整理题目,schools/武汉大学/008-正整数分解质因数.md,武汉大学-dup-03,review,近重复待复核
武汉大学,009,不重复数,保研,已整理,简单,数学,已整理题目,schools/武汉大学/009-不重复数.md,武汉大学-dup-04,remove,近重复待复核
武汉大学,010,倒杨辉三角,考研,已整理,简单,数学,已整理题目,schools/武汉大学/010-倒杨辉三角.md,,keep,
武汉大学,011,大整数加法,考研,已整理,简单,数学,已整理题目,schools/武汉大学/011-大整数加法.md,,keep,
武汉大学,012,兔子问题,考研,已整理,简单,数学,已整理题目,schools/武汉大学/012-兔子问题.md,,keep,
武汉大学,013,柱状图中最大的矩形,保研,待补充,待定,,待补充题目,schools/武汉大学/013-柱状图中最大的矩形.md,,keep,
武汉大学,014,夜间过桥问题,保研,待补充,待定,,待补充题目,schools/武汉大学/014-夜间过桥问题.md,,keep,
武汉大学,015,数字字符串相加,保研,待补充,待定,,待补充题目,schools/武汉大学/015-数字字符串相加.md,,keep,
武汉大学,016,回文质数,保研,待补充,待定,,待补充题目,schools/武汉大学/016-回文质数.md,,keep,
武汉大学,017,数字统计,保研,待补充,待定,,待补充题目,schools/武汉大学/017-数字统计.md,,keep,
武汉大学,018,猴子吃桃问题,保研,待补充,待定,,待补充题目,schools/武汉大学/018-猴子吃桃问题.md,,keep,
武汉大学,019,统计数字出现次数和位置,保研,待补充,待定,,待补充题目,schools/武汉大学/019-统计数字出现次数和位置.md,,keep,
武汉大学,020,兔子繁殖问题,保研,待补充,待定,,待补充题目,schools/武汉大学/020-兔子繁殖问题.md,,keep,
武汉大学,021,倒杨辉三角,保研,待补充,待定,,待补充题目,schools/武汉大学/021-倒杨辉三角.md,,keep,
武汉大学,022,苹果分配问题,保研,待补充,待定,,待补充题目,schools/武汉大学/022-苹果分配问题.md,,keep,
武汉大学,023,数字金字塔图案,保研,待补充,待定,,待补充题目,schools/武汉大学/023-数字金字塔图案.md,,keep,
武汉大学,024,打印斐波那契数列中的质数,保研,待补充,待定,,待补充题目,schools/武汉大学/024-打印斐波那契数列中的质数.md,,keep,
武汉大学,025,数字分解显示,保研,待补充,待定,,待补充题目,schools/武汉大学/025-数字分解显示.md,,keep,
武汉大学,026,IP地址十进制转二进制,保研,待补充,待定,,待补充题目,schools/武汉大学/026-IP地址十进制转二进制.md,,keep,
武汉大学,027,找到整数位置,保研,待补充,待定,,待补充题目,schools/武汉大学/027-找到整数位置.md,,keep,
武汉大学,028,调整方阵,保研,待补充,待定,,待补充题目,schools/武汉大学/028-调整方阵.md,,keep,
武汉大学,029,简单模式匹配,保研,待补充,待定,,待补充题目,schools/武汉大学/029-简单模式匹配.md,,keep,
武汉大学,030,正整数分解质因数,考研,待补充,待定,,待补充题目,schools/武汉大学/030-正整数分解质因数.md,,keep,
武汉大学,031,回文质数,考研,待补充,待定,,待补充题目,schools/武汉大学/031-回文质数.md,,keep,
武汉大学,032,输出图形,考研,待补充,待定,,待补充题目,schools/武汉大学/032-输出图形.md,,keep,
武汉大学,033,数字计数,考研,待补充,待定,,待补充题目,schools/武汉大学/033-数字计数.md,,keep,
武汉大学,034,调整方阵,考研,待补充,待定,,待补充题目,schools/武汉大学/034-调整方阵.md,,keep,
武汉大学,035,公式计算,考研,待补充,待定,,待补充题目,schools/武汉大学/035-公式计算.md,,keep,
武汉大学,036,猴子吃桃,考研,待补充,待定,,待补充题目,schools/武汉大学/036-猴子吃桃.md,,keep,
济南大学,001,输出指定文本,考研,已整理,简单,"字符串,数学",已整理题目,schools/济南大学/001-输出指定文本.md,,keep,
济南大学,002,班长竞选投票统计,考研,已整理,简单,数学,已整理题目,schools/济南大学/002-班长竞选投票统计.md,,keep,
济南大学,003,特殊数字筛选,考研,已整理,简单,数学,已整理题目,schools/济南大学/003-特殊数字筛选.md,,keep,
济南大学,004,PM2.5空气质量检测,考研,待补充,待定,,待补充题目,schools/济南大学/004-PM2.5空气质量检测.md,,keep,
济南大学,005,台阶步数计算,考研,待补充,待定,,待补充题目,schools/济南大学/005-台阶步数计算.md,,keep,
济南大学,006,学生点名册排序,考研,待补充,待定,,待补充题目,schools/济南大学/006-学生点名册排序.md,,keep,
济南大学,007,水位检测,考研,待补充,待定,,待补充题目,schools/济南大学/007-水位检测.md,,keep,
济南大学,008,手机销售统计,考研,待补充,待定,,待补充题目,schools/济南大学/008-手机销售统计.md,,keep,
浙江大学,001,最小连续彩灯线长度,保研,已整理,简单,"排序,模拟",已整理题目,schools/浙江大学/001-最小连续彩灯线长度.md,,keep,
浙江大学,002,k线彩灯覆盖2,保研,已整理,中等,"排序,二分",已整理题目,schools/浙江大学/002-k线彩灯覆盖2.md,,keep,
浙江大学,003,坐车回家,保研,已整理,中等,"搜索,DFS",已整理题目,schools/浙江大学/003-坐车回家.md,,keep,
浙江大学,004,文本替换,保研,已整理,简单,"字符串,模拟",已整理题目,schools/浙江大学/004-文本替换.md,,keep,
浙江大学,005,Standard Form of Polynomial,保研,已整理,简单,"数学,模拟",已整理题目,schools/浙江大学/005-Standard Form of Polynomial.md,浙江大学-dup-01,remove,
浙江大学,006,Shopping With Coupons,保研,已整理,中等,"排序,枚举",已整理题目,schools/浙江大学/006-Shopping With Coupons.md,,keep,
浙江大学,007,A+B 加强版,保研,已整理,简单,"字符串,模拟",已整理题目,schools/浙江大学/007-A+B 加强版.md,,keep,
浙江大学,008,还是畅通工程,保研,已整理,简单,"图论,最小生成树",已整理题目,schools/浙江大学/008-还是畅通工程.md,,keep,
浙江大学,009,奥运排序问题,保研,已整理,中等,"排序,模拟",已整理题目,schools/浙江大学/009-奥运排序问题.md,浙江大学-dup-02,remove,
浙江大学,010,统计同成绩学生人数,保研,已整理,简单,模拟,已整理题目,schools/浙江大学/010-统计同成绩学生人数.md,,keep,
浙江大学,011,Reorder Traversal,保研,已整理,中等,"树,递归",已整理题目,schools/浙江大学/011-Reorder Traversal.md,浙江大学-dup-03,remove,
浙江大学,012,"One Way In, Two Ways Out",保研,已整理,中等,"数据结构,队列",已整理题目,"schools/浙江大学/012-One Way In, Two Ways Out.md",,keep,
浙江大学,013,EXCEL 排序,保研,已整理,简单,排序,已整理题目,schools/浙江大学/013-EXCEL 排序.md,,keep,
浙江大学,014,Square Friends,保研,已整理,困难,"数学,枚举",已整理题目,schools/浙江大学/014-Square Friends.md,,keep,
浙江大学,015,A+B for Matrices,保研,已整理,简单,模拟,已整理题目,schools/浙江大学/015-A+B for Matrices.md,浙江大学-dup-04,remove,
浙江大学,016,判断两序列是否为同一二叉搜索树序列,保研,已整理,中等,"树,二叉树,递归",已整理题目,schools/浙江大学/016-判断两序列是否为同一二叉搜索树序列.md,,keep,
浙江大学,017,xxx 定律,保研,已整理,简单,模拟,已整理题目,schools/浙江大学/017-xxx 定律.md,,keep,
浙江大学,018,还是 A+B,保研,已整理,简单,"数学,模拟",已整理题目,schools/浙江大学/018-还是 A+B.md,,keep,
浙江大学,019,Load Balancing,考研,已整理,困难,"动态规划,搜索",已整理题目,schools/浙江大学/019-Load Balancing.md,,keep,
浙江大学,020,Unsuccessful Searches,考研,已整理,中等,"哈希,模拟",已整理题目,schools/浙江大学/020-Unsuccessful Searches.md,,keep,
浙江大学,021,畅通工程,考研,已整理,简单,"图论,最小生成树",已整理题目,schools/浙江大学/021-畅通工程.md,,keep,
浙江大学,022,最大连续子序列,考研,已整理,简单,动态规划,已整理题目,schools/浙江大学/022-最大连续子序列.md,,keep,
浙江大学,023,继续畅通工程,考研,已整理,简单,"图论,最小生成树",已整理题目,schools/浙江大学/023-继续畅通工程.md,,keep,
浙江大学,024,简单计算器,考研,已整理,简单,"模拟,栈",已整理题目,schools/浙江大学/024-简单计算器.md,,keep,
浙江大学,025,寻找大富翁,考研,已整理,简单,排序,已整理题目,schools/浙江大学/025-寻找大富翁.md,,keep,
浙江大学,026,找出直系亲属,考研,已整理,中等,"树,DFS",已整理题目,schools/浙江大学/026-找出直系亲属.md,,keep,
浙江大学,027,魔咒词典,考研,已整理,简单,"字符串,哈希",已整理题目,schools/浙江大学/027-魔咒词典.md,,keep,
浙江大学,028,火星 A+B,考研,已整理,中等,"数学,模拟",已整理题目,schools/浙江大学/028-火星 A+B.md,,keep,
浙江大学,029,最大报销额,考研,已整理,中等,"动态规划,背包",已整理题目,schools/浙江大学/029-最大报销额.md,,keep,
浙江大学,030,Median,考研,已整理,中等,双指针,已整理题目,schools/浙江大学/030-Median.md,,keep,
浙江大学,031,毕业 bg,考研,已整理,中等,动态规划,已整理题目,schools/浙江大学/031-毕业 bg.md,,keep,
浙江大学,032,双线彩灯覆盖,保研,待补充,待定,,待补充题目,schools/浙江大学/032-双线彩灯覆盖.md,,keep,
浙江大学,033,k线彩灯覆盖,保研,待补充,待定,,待补充题目,schools/浙江大学/033-k线彩灯覆盖.md,,keep,
浙江大学,034,带分数相加,保研,待补充,待定,,待补充题目,schools/浙江大学/034-带分数相加.md,,keep,
浙江大学,035,镜子碎片面积计算,保研,待补充,待定,,待补充题目,schools/浙江大学/035-镜子碎片面积计算.md,,keep,
浙江大学,036,分数拆分,保研,待补充,待定,,待补充题目,schools/浙江大学/036-分数拆分.md,,keep,
浙江大学,037,素数反转与位置约束,保研,待补充,待定,,待补充题目,schools/浙江大学/037-素数反转与位置约束.md,,keep,
浙江大学,038,网红识别问题,保研,待补充,待定,,待补充题目,schools/浙江大学/038-网红识别问题.md,,keep,
浙江大学,039,AVL树与节点关系查询,保研,待补充,待定,,待补充题目,schools/浙江大学/039-AVL树与节点关系查询.md,,keep,
浙江大学,040,Distance of Triples,保研,待补充,待定,,待补充题目,schools/浙江大学/040-Distance of Triples.md,,keep,
浙江大学,041,Partial School Ranking,保研,待补充,待定,,待补充题目,schools/浙江大学/041-Partial School Ranking.md,,keep,
浙江大学,042,畅通工程,保研,待补充,待定,,待补充题目,schools/浙江大学/042-畅通工程.md,,keep,
浙江大学,043,最短路径问题,保研,待补充,待定,,待补充题目,schools/浙江大学/043-最短路径问题.md,,keep,
浙江大学,044,最小包围矩形,保研,待补充,待定,,待补充题目,schools/浙江大学/044-最小包围矩形.md,,keep,
浙江大学,045,简单计算器,保研,待补充,待定,,待补充题目,schools/浙江大学/045-简单计算器.md,,keep,
浙江大学,046,欧拉回路,保研,待补充,待定,,待补充题目,schools/浙江大学/046-欧拉回路.md,,keep,
浙江大学,047,计算数字串每位平方和,保研,待补充,待定,,待补充题目,schools/浙江大学/047-计算数字串每位平方和.md,,keep,
浙江大学,048,Zigzag Sequence,保研,待补充,待定,,待补充题目,schools/浙江大学/048-Zigzag Sequence.md,,keep,
浙江大学,049,寻找大富翁,保研,待补充,待定,,待补充题目,schools/浙江大学/049-寻找大富翁.md,,keep,
浙江大学,050,最大报销额,保研,待补充,待定,,待补充题目,schools/浙江大学/050-最大报销额.md,,keep,
浙江大学,051,最大连续子序列,保研,待补充,待定,,待补充题目,schools/浙江大学/051-最大连续子序列.md,,keep,
浙江大学,052,AVL Tree,保研,待补充,待定,,待补充题目,schools/浙江大学/052-AVL Tree.md,,keep,
浙江大学,053,找出直系亲属,保研,待补充,待定,,待补充题目,schools/浙江大学/053-找出直系亲属.md,,keep,
浙江大学,054,Conway's Conjecture,保研,待补充,待定,,待补充题目,schools/浙江大学/054-Conway's Conjecture.md,,keep,
浙江大学,055,继续 xxx 定律,保研,待补充,待定,,待补充题目,schools/浙江大学/055-继续 xxx 定律.md,,keep,
浙江大学,056,Play with Linked List,保研,待补充,待定,,待补充题目,schools/浙江大学/056-Play with Linked List.md,,keep,
浙江大学,057,字符串重排,保研,待补充,待定,,待补充题目,schools/浙江大学/057-字符串重排.md,,keep,
浙江大学,058,Top3 in Subgraph,保研,待补充,待定,,待补充题目,schools/浙江大学/058-Top3 in Subgraph.md,,keep,
浙江大学,059,Happy Numbers,保研,待补充,待定,,待补充题目,schools/浙江大学/059-Happy Numbers.md,,keep,
浙江大学,060,考试排名,保研,待补充,待定,,待补充题目,schools/浙江大学/060-考试排名.md,,keep,
浙江大学,061,A+B(2),保研,待补充,待定,,待补充题目,schools/浙江大学/061-A+B(2).md,,keep,
浙江大学,062,蛇形数字输出,保研,待补充,待定,,待补充题目,schools/浙江大学/062-蛇形数字输出.md,,keep,
浙江大学,063,又一版 A+B,保研,待补充,待定,,待补充题目,schools/浙江大学/063-又一版 A+B.md,,keep,
浙江大学,064,开门人和关门人,保研,待补充,待定,,待补充题目,schools/浙江大学/064-开门人和关门人.md,,keep,
浙江大学,065,统计字符,保研,待补充,待定,,待补充题目,schools/浙江大学/065-统计字符.md,,keep,
浙江大学,066,游船出租,保研,待补充,待定,,待补充题目,schools/浙江大学/066-游船出租.md,,keep,
浙江大学,067,最小长方形,保研,待补充,待定,,待补充题目,schools/浙江大学/067-最小长方形.md,,keep,
浙江大学,068,ZOJ 问题,保研,待补充,待定,,待补充题目,schools/浙江大学/068-ZOJ 问题.md,,keep,
浙江大学,069,朋友数统计,保研,待补充,待定,,待补充题目,schools/浙江大学/069-朋友数统计.md,,keep,
浙江大学,070,"One Way In, Two Ways Out",考研,待补充,待定,,待补充题目,"schools/浙江大学/070-One Way In, Two Ways Out.md",,keep,
浙江大学,071,Square Friends,考研,待补充,待定,,待补充题目,schools/浙江大学/071-Square Friends.md,,keep,
浙江大学,072,Ambulance Dispatch,考研,待补充,待定,,待补充题目,schools/浙江大学/072-Ambulance Dispatch.md,,keep,
浙江大学,073,Conway’s Conjecture,考研,待补充,待定,,待补充题目,schools/浙江大学/073-Conway’s Conjecture.md,,keep,
浙江大学,074,Play with Linked List,考研,待补充,待定,,待补充题目,schools/浙江大学/074-Play with Linked List.md,,keep,
浙江大学,075,统计字符,考研,待补充,待定,,待补充题目,schools/浙江大学/075-统计字符.md,,keep,
浙江大学,076,统计同成绩学生人数,考研,待补充,待定,,待补充题目,schools/浙江大学/076-统计同成绩学生人数.md,,keep,
浙江大学,077,畅通工程 2,考研,待补充,待定,,待补充题目,schools/浙江大学/077-畅通工程 2.md,,keep,
浙江大学,078,二叉搜索树,考研,待补充,待定,,待补充题目,schools/浙江大学/078-二叉搜索树.md,,keep,
浙江大学,079,EXCEL 排序,考研,待补充,待定,,待补充题目,schools/浙江大学/079-EXCEL 排序.md,,keep,
浙江大学,080,还是畅通工程,考研,待补充,待定,,待补充题目,schools/浙江大学/080-还是畅通工程.md,,keep,
浙江大学,081,最短路径问题,考研,待补充,待定,,待补充题目,schools/浙江大学/081-最短路径问题.md,,keep,
浙江大学,082,To Fill or Not to Fi,考研,待补充,待定,,待补充题目,schools/浙江大学/082-To Fill or Not to Fi.md,,keep,
浙江大学,083,定律,考研,待补充,待定,,待补充题目,schools/浙江大学/083-定律.md,,keep,
浙江大学,084,开门人和关门人,考研,待补充,待定,,待补充题目,schools/浙江大学/084-开门人和关门人.md,,keep,
浙江大学,085,A + B 加强版,考研,待补充,待定,,待补充题目,schools/浙江大学/085-A + B 加强版.md,,keep,
浙江大学,086,欧拉回路,考研,待补充,待定,,待补充题目,schools/浙江大学/086-欧拉回路.md,,keep,
浙江大学,087,又一版 A+B,考研,待补充,待定,,待补充题目,schools/浙江大学/087-又一版 A+B.md,,keep,
浙江大学,088,还是 A+B,考研,待补充,待定,,待补充题目,schools/浙江大学/088-还是 A+B.md,,keep,
浙江大学,089,ZOJ,考研,待补充,待定,,待补充题目,schools/浙江大学/089-ZOJ.md,,keep,
浙江大学,090,A+B(2),考研,待补充,待定,,待补充题目,schools/浙江大学/090-A+B(2).md,,keep,
浙江大学,091,Grading,考研,待补充,待定,,待补充题目,schools/浙江大学/091-Grading.md,,keep,
浙江大学,092,Hello World for U,考研,待补充,待定,,待补充题目,schools/浙江大学/092-Hello World for U.md,,keep,
浙江大学,093,最小长方形,考研,待补充,待定,,待补充题目,schools/浙江大学/093-最小长方形.md,,keep,
浙江大学,094,排名,考研,待补充,待定,,待补充题目,schools/浙江大学/094-排名.md,,keep,
浙江大学,095,游船出租,考研,待补充,待定,,待补充题目,schools/浙江大学/095-游船出租.md,,keep,
浙江大学,096,继续 xxx 定律,考研,待补充,待定,,待补充题目,schools/浙江大学/096-继续 xxx 定律.md,,keep,
浙江大学,097,ZOJ 问题,考研,待补充,待定,,待补充题目,schools/浙江大学/097-ZOJ 问题.md,,keep,
浙江大学,098,Head of a Gang,考研,待补充,待定,,待补充题目,schools/浙江大学/098-Head of a Gang.md,,keep,
浙江大学,099,Sharing,考研,待补充,待定,,待补充题目,schools/浙江大学/099-Sharing.md,,keep,
浙江大学,100,Graduate Admission,考研,待补充,待定,,待补充题目,schools/浙江大学/100-Graduate Admission.md,,keep,
深圳大学,001,花了多少钱,保研,已整理,简单,数学,已整理题目,schools/深圳大学/001-花了多少钱.md,,keep,
深圳大学,002,投票选举,保研,已整理,简单,数学,已整理题目,schools/深圳大学/002-投票选举.md,,keep,
深圳大学,003,预约资格判定,保研,已整理,简单,数学,已整理题目,schools/深圳大学/003-预约资格判定.md,,keep,
深圳大学,004,银行窗口服务,保研,已整理,简单,"数据结构,队列,数学",已整理题目,schools/深圳大学/004-银行窗口服务.md,,keep,
深圳大学,005,DNA序列,保研,已整理,中等,"哈希,字符串,数学",已整理题目,schools/深圳大学/005-DNA序列.md,,keep,
深圳大学,006,带哨兵的顺序查找,保研,已整理,中等,"数据结构,队列,数学",已整理题目,schools/深圳大学/006-带哨兵的顺序查找.md,,keep,
深圳大学,007,质数因子,保研,待补充,待定,,待补充题目,schools/深圳大学/007-质数因子.md,,keep,
深圳大学,008,买了多少本,保研,待补充,待定,,待补充题目,schools/深圳大学/008-买了多少本.md,,keep,
深圳大学,009,净胜球数计算,保研,待补充,待定,,待补充题目,schools/深圳大学/009-净胜球数计算.md,,keep,
深圳大学,010,矩阵左转,保研,待补充,待定,,待补充题目,schools/深圳大学/010-矩阵左转.md,,keep,
深圳大学,011,行编辑,保研,待补充,待定,,待补充题目,schools/深圳大学/011-行编辑.md,,keep,
深圳大学,012,素数统计,保研,待补充,待定,,待补充题目,schools/深圳大学/012-素数统计.md,,keep,
深圳大学,013,二叉树后序线索,保研,待补充,待定,,待补充题目,schools/深圳大学/013-二叉树后序线索.md,,keep,
深圳大学,014,二叉树叶子数量,保研,待补充,待定,,待补充题目,schools/深圳大学/014-二叉树叶子数量.md,,keep,
深圳大学,015,DS图遍历,保研,待补充,待定,,待补充题目,schools/深圳大学/015-DS图遍历.md,,keep,
深圳大学,016,社交网络的重要性,保研,待补充,待定,,待补充题目,schools/深圳大学/016-社交网络的重要性.md,,keep,
清华大学,001,理发店,保研,已整理,简单,"枚举,搜索",已整理题目,schools/清华大学/001-理发店.md,,keep,
清华大学,002,树上计数,保研,已整理,简单,"树,DFS",已整理题目,schools/清华大学/002-树上计数.md,,keep,
清华大学,003,售货机,保研,已整理,困难,"图论,数学,动态规划",已整理题目,schools/清华大学/003-售货机.md,清华大学-dup-01,remove,同文件重复题名
清华大学,004,"Root(N, k)",保研,已整理,中等,数学,已整理题目,"schools/清华大学/004-Root(N, k).md",,keep,
清华大学,005,优惠券购物问题,保研,已整理,中等,排序,已整理题目,schools/清华大学/005-优惠券购物问题.md,,keep,
清华大学,006,递推数列求模,保研,已整理,简单,"动态规划,数学",已整理题目,schools/清华大学/006-递推数列求模.md,,keep,
清华大学,007,外星人面试问题,保研,已整理,中等,"双指针,枚举",已整理题目,schools/清华大学/007-外星人面试问题.md,,keep,
清华大学,008,扫雷游戏模拟,保研,已整理,简单,模拟,已整理题目,schools/清华大学/008-扫雷游戏模拟.md,,keep,
清华大学,009,日期转换,保研,已整理,中等,"模拟,数学",已整理题目,schools/清华大学/009-日期转换.md,,keep,
清华大学,010,众数,保研,已整理,简单,"模拟,数学",已整理题目,schools/清华大学/010-众数.md,,keep,
清华大学,011,有向图的最大可达价值,保研,已整理,困难,"图论,动态规划",已整理题目,schools/清华大学/011-有向图的最大可达价值.md,,keep,
清华大学,012,球的半径和体积,保研,已整理,简单,数学,已整理题目,schools/清华大学/012-球的半径和体积.md,清华大学-dup-02,remove,
清华大学,013,Prime,保研,已整理,简单,"搜索,数学",已整理题目,schools/清华大学/013-Prime.md,清华大学-dup-03,remove,
清华大学,014,序列求和,保研,已整理,简单,数学,已整理题目,schools/清华大学/014-序列求和.md,,keep,
清华大学,015,二叉树路径和,保研,已整理,中等,"二叉树,DFS",已整理题目,schools/清华大学/015-二叉树路径和.md,,keep,
清华大学,016,遍历平滑性,保研,已整理,困难,"树,动态规划",已整理题目,schools/清华大学/016-遍历平滑性.md,,keep,
清华大学,017,分解质因数,保研,已整理,简单,数学,已整理题目,schools/清华大学/017-分解质因数.md,,keep,
清华大学,018,字符串解密,保研,已整理,简单,"字符串,模拟",已整理题目,schools/清华大学/018-字符串解密.md,,keep,
清华大学,019,统计次数,保研,已整理,简单,数学,已整理题目,schools/清华大学/019-统计次数.md,清华大学-dup-04,remove,
清华大学,020,大整数乘法,保研,已整理,简单,"字符串,模拟",已整理题目,schools/清华大学/020-大整数乘法.md,,keep,
清华大学,021,字符串,保研,已整理,简单,"字符串,双指针",已整理题目,schools/清华大学/021-字符串.md,清华大学-dup-05,remove,
清华大学,022,等差数列矩阵恢复,保研,已整理,中等,"数学,模拟",已整理题目,schools/清华大学/022-等差数列矩阵恢复.md,,keep,
清华大学,023,二进制逆序数,保研,已整理,中等,"字符串,模拟,数学",已整理题目,schools/清华大学/023-二进制逆序数.md,清华大学-dup-06,remove,
清华大学,024,元数据,考研,已整理,简单,模拟,已整理题目,schools/清华大学/024-元数据.md,,keep,
清华大学,025,进制转换 3,考研,已整理,简单,"字符串,数学",已整理题目,schools/清华大学/025-进制转换 3.md,,keep,
清华大学,026,密码锁,考研,已整理,中等,"字符串,BFS,搜索",已整理题目,schools/清华大学/026-密码锁.md,,keep,
清华大学,027,最大序列和,考研,已整理,简单,动态规划,已整理题目,schools/清华大学/027-最大序列和.md,,keep,
清华大学,028,最小花费,考研,已整理,中等,动态规划,已整理题目,schools/清华大学/028-最小花费.md,,keep,
清华大学,029,整数拆分,考研,已整理,中等,动态规划,已整理题目,schools/清华大学/029-整数拆分.md,,keep,
清华大学,030,函数求值,考研,已整理,中等,"数学,动态规划",已整理题目,schools/清华大学/030-函数求值.md,,keep,
清华大学,031,求最大最小数,考研,已整理,简单,模拟,已整理题目,schools/清华大学/031-求最大最小数.md,,keep,
清华大学,032,n 的阶乘 2.0,考研,已整理,简单,"数学,模拟",已整理题目,schools/清华大学/032-n 的阶乘 2.0.md,,keep,
清华大学,033,反序数,考研,已整理,简单,"枚举,数学",已整理题目,schools/清华大学/033-反序数.md,,keep,
清华大学,034,飞镖,保研,待补充,待定,,待补充题目,schools/清华大学/034-飞镖.md,,keep,
清华大学,035,最小值网络,保研,待补充,待定,,待补充题目,schools/清华大学/035-最小值网络.md,,keep,
清华大学,036,水滴,保研,待补充,待定,,待补充题目,schools/清华大学/036-水滴.md,,keep,
清华大学,037,Phi 的游戏,保研,待补充,待定,,待补充题目,schools/清华大学/037-Phi 的游戏.md,,keep,
清华大学,038,数字序列的最小更大排列,保研,待补充,待定,,待补充题目,schools/清华大学/038-数字序列的最小更大排列.md,,keep,
清华大学,039,质数倍数的第 K 大数,保研,待补充,待定,,待补充题目,schools/清华大学/039-质数倍数的第 K 大数.md,,keep,
清华大学,040,约数的个数,保研,待补充,待定,,待补充题目,schools/清华大学/040-约数的个数.md,,keep,
清华大学,041,大数求和,保研,待补充,待定,,待补充题目,schools/清华大学/041-大数求和.md,,keep,
清华大学,042,手机键盘,保研,待补充,待定,,待补充题目,schools/清华大学/042-手机键盘.md,,keep,
清华大学,043,有向图路径最大极差,保研,待补充,待定,,待补充题目,schools/清华大学/043-有向图路径最大极差.md,,keep,
清华大学,044,求最大最小数,保研,待补充,待定,,待补充题目,schools/清华大学/044-求最大最小数.md,,keep,
清华大学,045,The Distance of Triples,保研,待补充,待定,,待补充题目,schools/清华大学/045-The Distance of Triples.md,,keep,
清华大学,046,最短路径优化,保研,待补充,待定,,待补充题目,schools/清华大学/046-最短路径优化.md,,keep,
清华大学,047,字符串处理,保研,待补充,待定,,待补充题目,schools/清华大学/047-字符串处理.md,,keep,
清华大学,048,二分图最优连通边选择,保研,待补充,待定,,待补充题目,schools/清华大学/048-二分图最优连通边选择.md,,keep,
清华大学,049,最小选取范围,保研,待补充,待定,,待补充题目,schools/清华大学/049-最小选取范围.md,,keep,
清华大学,050,函数求值,保研,待补充,待定,,待补充题目,schools/清华大学/050-函数求值.md,,keep,
清华大学,051,n 的阶乘 2.0,保研,待补充,待定,,待补充题目,schools/清华大学/051-n 的阶乘 2.0.md,,keep,
清华大学,052,阿瓦隆,保研,待补充,待定,,待补充题目,schools/清华大学/052-阿瓦隆.md,,keep,
清华大学,053,最小邮票数,保研,待补充,待定,,待补充题目,schools/清华大学/053-最小邮票数.md,,keep,
清华大学,054,最大序列和,保研,待补充,待定,,待补充题目,schools/清华大学/054-最大序列和.md,,keep,
清华大学,055,剩下的树,保研,待补充,待定,,待补充题目,schools/清华大学/055-剩下的树.md,,keep,
清华大学,056,戳气球,保研,待补充,待定,,待补充题目,schools/清华大学/056-戳气球.md,,keep,
清华大学,057,大数运算,保研,待补充,待定,,待补充题目,schools/清华大学/057-大数运算.md,,keep,
清华大学,058,整数拆分,保研,待补充,待定,,待补充题目,schools/清华大学/058-整数拆分.md,,keep,
清华大学,059,进制转换,保研,待补充,待定,,待补充题目,schools/清华大学/059-进制转换.md,,keep,
清华大学,060,水滴游戏,保研,待补充,待定,,待补充题目,schools/清华大学/060-水滴游戏.md,,keep,
清华大学,061,图定向,保研,待补充,待定,,待补充题目,schools/清华大学/061-图定向.md,,keep,
清华大学,062,寻找最接近斜率的点对,保研,待补充,待定,,待补充题目,schools/清华大学/062-寻找最接近斜率的点对.md,,keep,
清华大学,063,圆上计数,保研,待补充,待定,,待补充题目,schools/清华大学/063-圆上计数.md,,keep,
清华大学,064,养鸽子,保研,待补充,待定,,待补充题目,schools/清华大学/064-养鸽子.md,,keep,
清华大学,065,树上路径不同数字计数,保研,待补充,待定,,待补充题目,schools/清华大学/065-树上路径不同数字计数.md,,keep,
清华大学,066,今年的第几天,保研,待补充,待定,,待补充题目,schools/清华大学/066-今年的第几天.md,,keep,
清华大学,067,代理服务器,保研,待补充,待定,,待补充题目,schools/清华大学/067-代理服务器.md,,keep,
清华大学,068,质因数个数,保研,待补充,待定,,待补充题目,schools/清华大学/068-质因数个数.md,,keep,
清华大学,069,序列众数维护,保研,待补充,待定,,待补充题目,schools/清华大学/069-序列众数维护.md,,keep,
清华大学,070,同构数查找,保研,待补充,待定,,待补充题目,schools/清华大学/070-同构数查找.md,,keep,
清华大学,071,团队竞赛排名恢复,保研,待补充,待定,,待补充题目,schools/清华大学/071-团队竞赛排名恢复.md,,keep,
清华大学,072,玛雅人的密码,保研,待补充,待定,,待补充题目,schools/清华大学/072-玛雅人的密码.md,,keep,
清华大学,073,反序输出,保研,待补充,待定,,待补充题目,schools/清华大学/073-反序输出.md,,keep,
清华大学,074,好友分组概率,保研,待补充,待定,,待补充题目,schools/清华大学/074-好友分组概率.md,,keep,
清华大学,075,升次方,保研,待补充,待定,,待补充题目,schools/清华大学/075-升次方.md,,keep,
清华大学,076,字符串压缩,保研,待补充,待定,,待补充题目,schools/清华大学/076-字符串压缩.md,,keep,
清华大学,077,元数据,保研,待补充,待定,,待补充题目,schools/清华大学/077-元数据.md,,keep,
清华大学,078,Combine,考研,待补充,待定,,待补充题目,schools/清华大学/078-Combine.md,,keep,
清华大学,079,Friend,考研,待补充,待定,,待补充题目,schools/清华大学/079-Friend.md,,keep,
清华大学,080,连通图的方案数,考研,待补充,待定,,待补充题目,schools/清华大学/080-连通图的方案数.md,,keep,
清华大学,081,简单文件系统,考研,待补充,待定,,待补充题目,schools/清华大学/081-简单文件系统.md,,keep,
清华大学,082,图,考研,待补充,待定,,待补充题目,schools/清华大学/082-图.md,,keep,
清华大学,083,等差数列,考研,待补充,待定,,待补充题目,schools/清华大学/083-等差数列.md,,keep,
清华大学,084,n 的阶乘,考研,待补充,待定,,待补充题目,schools/清华大学/084-n 的阶乘.md,,keep,
清华大学,085,剩下的树,考研,待补充,待定,,待补充题目,schools/清华大学/085-剩下的树.md,,keep,
清华大学,086,特殊乘法,考研,待补充,待定,,待补充题目,schools/清华大学/086-特殊乘法.md,,keep,
清华大学,087,对称平方数 1,考研,待补充,待定,,待补充题目,schools/清华大学/087-对称平方数 1.md,,keep,
清华大学,088,二叉树遍历,考研,待补充,待定,,待补充题目,schools/清华大学/088-二叉树遍历.md,,keep,
清华大学,089,最小邮票数,考研,待补充,待定,,待补充题目,schools/清华大学/089-最小邮票数.md,,keep,
清华大学,090,查找学生信息 2,考研,待补充,待定,,待补充题目,schools/清华大学/090-查找学生信息 2.md,,keep,
清华大学,091,论文,考研,待补充,待定,,待补充题目,schools/清华大学/091-论文.md,,keep,
清华大学,092,反序输出,考研,待补充,待定,,待补充题目,schools/清华大学/092-反序输出.md,,keep,
清华大学,093,约数的个数,考研,待补充,待定,,待补充题目,schools/清华大学/093-约数的个数.md,,keep,
清华大学,094,递推数列,考研,待补充,待定,,待补充题目,schools/清华大学/094-递推数列.md,,keep,
清华大学,095,abc,考研,待补充,待定,,待补充题目,schools/清华大学/095-abc.md,,keep,
清华大学,096,成绩排序 2.0,考研,待补充,待定,,待补充题目,schools/清华大学/096-成绩排序 2.0.md,,keep,
清华大学,097,手机键盘,考研,待补充,待定,,待补充题目,schools/清华大学/097-手机键盘.md,,keep,
清华大学,098,质因数个数,考研,待补充,待定,,待补充题目,schools/清华大学/098-质因数个数.md,,keep,
清华大学,099,完数 VS 盈数,考研,待补充,待定,,待补充题目,schools/清华大学/099-完数 VS 盈数.md,,keep,
清华大学,100,今年的第几天,考研,待补充,待定,,待补充题目,schools/清华大学/100-今年的第几天.md,,keep,
清华大学,101,升次方,考研,待补充,待定,,待补充题目,schools/清华大学/101-升次方.md,,keep,
清华大学,102,众数,考研,待补充,待定,,待补充题目,schools/清华大学/102-众数.md,,keep,
清华大学,103,玛雅人的密码,考研,待补充,待定,,待补充题目,schools/清华大学/103-玛雅人的密码.md,,keep,
清华大学,104,数字计数,考研,待补充,待定,,待补充题目,schools/清华大学/104-数字计数.md,,keep,
清华大学,105,成绩排序,考研,待补充,待定,,待补充题目,schools/清华大学/105-成绩排序.md,,keep,
清华大学,106,代理服务器,考研,待补充,待定,,待补充题目,schools/清华大学/106-代理服务器.md,,keep,
清华大学,107,"求 root(N, k)",考研,待补充,待定,,待补充题目,"schools/清华大学/107-求 root(N, k).md",,keep,
湖南大学,001,能否排序,考研,已整理,中等,"二分,排序,数学",已整理题目,schools/湖南大学/001-能否排序.md,,keep,
湖南大学,002,猴子报数,考研,待补充,待定,,待补充题目,schools/湖南大学/002-猴子报数.md,,keep,
湖南大学,003,密码翻译,考研,待补充,待定,,待补充题目,schools/湖南大学/003-密码翻译.md,,keep,
苏州大学,001,坐标点圆密度计算,保研,已整理,中等,"图论,排序,数学",已整理题目,schools/苏州大学/001-坐标点圆密度计算.md,,keep,待复核
西北大学,001,单词计数,考研,已整理,简单,"字符串,数学",已整理题目,schools/西北大学/001-单词计数.md,,keep,
西北大学,002,是不是素数 3,考研,待补充,待定,,待补充题目,schools/西北大学/002-是不是素数 3.md,,keep,
西北工业大学,001,三角形判定,保研,已整理,简单,"图论,数学",已整理题目,schools/西北工业大学/001-三角形判定.md,,keep,
西北工业大学,002,组合数计算,保研,已整理,简单,数学,已整理题目,schools/西北工业大学/002-组合数计算.md,,keep,
西北工业大学,003,多组数据排序,保研,已整理,简单,"排序,数学",已整理题目,schools/西北工业大学/003-多组数据排序.md,,keep,
西北工业大学,004,十进制转二进制,保研,已整理,简单,数学,已整理题目,schools/西北工业大学/004-十进制转二进制.md,西北工业大学-dup-01,remove,
西北工业大学,005,跳跃距离,考研,已整理,简单,数学,已整理题目,schools/西北工业大学/005-跳跃距离.md,,keep,
西北工业大学,006,日期差值,考研,已整理,简单,数学,已整理题目,schools/西北工业大学/006-日期差值.md,,keep,
西北工业大学,007,数组排序,考研,已整理,简单,"排序,数学",已整理题目,schools/西北工业大学/007-数组排序.md,,keep,
西北工业大学,008,排序,考研,已整理,简单,"排序,数学",已整理题目,schools/西北工业大学/008-排序.md,,keep,
西北工业大学,009,判断是否回文,考研,已整理,简单,数学,已整理题目,schools/西北工业大学/009-判断是否回文.md,,keep,
西北工业大学,010,调整方阵,考研,已整理,简单,数学,已整理题目,schools/西北工业大学/010-调整方阵.md,,keep,
西北工业大学,011,n的阶乘,考研,已整理,简单,数学,已整理题目,schools/西北工业大学/011-n的阶乘.md,,keep,
西北工业大学,012,阶乘,保研,待补充,待定,,待补充题目,schools/西北工业大学/012-阶乘.md,,keep,
西北工业大学,013,字符串反转,保研,待补充,待定,,待补充题目,schools/西北工业大学/013-字符串反转.md,,keep,
西北工业大学,014,时区转换,保研,待补充,待定,,待补充题目,schools/西北工业大学/014-时区转换.md,,keep,
西北工业大学,015,算术表达式计算,保研,待补充,待定,,待补充题目,schools/西北工业大学/015-算术表达式计算.md,,keep,
西北工业大学,016,整数排序,保研,待补充,待定,,待补充题目,schools/西北工业大学/016-整数排序.md,,keep,
西北工业大学,017,"判断是否""回文""",保研,待补充,待定,,待补充题目,schools/西北工业大学/017-判断是否＂回文＂.md,,keep,
西北工业大学,018,调整方阵,保研,待补充,待定,,待补充题目,schools/西北工业大学/018-调整方阵.md,,keep,
西北工业大学,019,杨辉三角形,保研,待补充,待定,,待补充题目,schools/西北工业大学/019-杨辉三角形.md,,keep,
西北工业大学,020,最大的组合,考研,待补充,待定,,待补充题目,schools/西北工业大学/020-最大的组合.md,,keep,
西北工业大学,021,求HSL的值,考研,待补充,待定,,待补充题目,schools/西北工业大学/021-求HSL的值.md,,keep,
西北工业大学,022,找质数,考研,待补充,待定,,待补充题目,schools/西北工业大学/022-找质数.md,,keep,
西北工业大学,023,求三角形的面积,考研,待补充,待定,,待补充题目,schools/西北工业大学/023-求三角形的面积.md,,keep,
西北工业大学,024,判断括号是否匹配,考研,待补充,待定,,待补充题目,schools/西北工业大学/024-判断括号是否匹配.md,,keep,
西北工业大学,025,求组合数,考研,待补充,待定,,待补充题目,schools/西北工业大学/025-求组合数.md,,keep,
西北工业大学,026,求乘积,考研,待补充,待定,,待补充题目,schools/西北工业大学/026-求乘积.md,,keep,
西北工业大学,027,求阶乘,考研,待补充,待定,,待补充题目,schools/西北工业大学/027-求阶乘.md,,keep,
西北工业大学,028,字符串反转,考研,待补充,待定,,待补充题目,schools/西北工业大学/028-字符串反转.md,,keep,
西北工业大学,029,快速排序,考研,待补充,待定,,待补充题目,schools/西北工业大学/029-快速排序.md,,keep,
西北工业大学,030,求两个多项式的和,考研,待补充,待定,,待补充题目,schools/西北工业大学/030-求两个多项式的和.md,,keep,
西北工业大学,031,括号匹配,考研,待补充,待定,,待补充题目,schools/西北工业大学/031-括号匹配.md,,keep,
西北工业大学,032,杨辉三角形,考研,待补充,待定,,待补充题目,schools/西北工业大学/032-杨辉三角形.md,,keep,
西北工业大学,033,合并符串,考研,待补充,待定,,待补充题目,schools/西北工业大学/033-合并符串.md,,keep,
西北工业大学,034,IP地址,考研,待补充,待定,,待补充题目,schools/西北工业大学/034-IP地址.md,,keep,
西安交通大学,001,学生成绩排序,保研,已整理,简单,"排序,数学",已整理题目,schools/西安交通大学/001-学生成绩排序.md,,keep,
西安交通大学,002,学生成绩管理,考研,已整理,简单,数学,已整理题目,schools/西安交通大学/002-学生成绩管理.md,,keep,
西安交通大学,003,数字相加,考研,已整理,简单,"字符串,数学",已整理题目,schools/西安交通大学/003-数字相加.md,,keep,
西安交通大学,004,对称矩阵,考研,已整理,简单,数学,已整理题目,schools/西安交通大学/004-对称矩阵.md,,keep,
西安交通大学,005,希尔排序,保研,待补充,待定,,待补充题目,schools/西安交通大学/005-希尔排序.md,,keep,
西安交通大学,006,西交,考研,待补充,待定,,待补充题目,schools/西安交通大学/006-西交.md,,keep,
西安交通大学,007,泰勒展开式,考研,待补充,待定,,待补充题目,schools/西安交通大学/007-泰勒展开式.md,,keep,
西安交通大学,008,字符解密,考研,待补充,待定,,待补充题目,schools/西安交通大学/008-字符解密.md,,keep,
西安交通大学,009,学生成绩排序,考研,待补充,待定,,待补充题目,schools/西安交通大学/009-学生成绩排序.md,,keep,
西安电子科技大学,001,最长连续公共子序列,保研,已整理,中等,"字符串,数学",已整理题目,schools/西安电子科技大学/001-最长连续公共子序列.md,,keep,
西安电子科技大学,002,最大素因子,保研,已整理,简单,数学,已整理题目,schools/西安电子科技大学/002-最大素因子.md,,keep,
西安电子科技大学,003,Problem E,考研,已整理,简单,数学,已整理题目,schools/西安电子科技大学/003-Problem E.md,,keep,
西安电子科技大学,004,跳一跳,考研,已整理,简单,数学,已整理题目,schools/西安电子科技大学/004-跳一跳.md,,keep,
西安电子科技大学,005,跳一跳,保研,待补充,待定,,待补充题目,schools/西安电子科技大学/005-跳一跳.md,,keep,
西安电子科技大学,006,面积涂色问题,保研,待补充,待定,,待补充题目,schools/西安电子科技大学/006-面积涂色问题.md,,keep,
西安电子科技大学,007,Problem D,考研,待补充,待定,,待补充题目,schools/西安电子科技大学/007-Problem D.md,,keep,
西安电子科技大学,008,成绩排序,考研,待补充,待定,,待补充题目,schools/西安电子科技大学/008-成绩排序.md,,keep,
西安电子科技大学,009,最长连续公共子序列,考研,待补充,待定,,待补充题目,schools/西安电子科技大学/009-最长连续公共子序列.md,,keep,
贵州大学,001,整除,保研,已整理,简单,数学,已整理题目,schools/贵州大学/001-整除.md,贵州大学-dup-01,remove,
贵州大学,002,0和1的个数,保研,已整理,简单,数学,已整理题目,schools/贵州大学/002-0和1的个数.md,,keep,
贵州大学,003,链表合并,考研,已整理,简单,"二分,数据结构,链表",已整理题目,schools/贵州大学/003-链表合并.md,,keep,
贵州大学,004,随机数,考研,已整理,简单,数学,已整理题目,schools/贵州大学/004-随机数.md,,keep,
贵州大学,005,加密算法,考研,已整理,简单,字符串,已整理题目,schools/贵州大学/005-加密算法.md,,keep,
贵州大学,006,删除最大最小数,考研,已整理,简单,数学,已整理题目,schools/贵州大学/006-删除最大最小数.md,,keep,
贵州大学,007,单链表,考研,已整理,简单,"数据结构,链表,数学",已整理题目,schools/贵州大学/007-单链表.md,,keep,
贵州大学,008,IP地址,考研,已整理,中等,"字符串,数学",已整理题目,schools/贵州大学/008-IP地址.md,,keep,
贵州大学,009,击鼓传花,考研,已整理,中等,"数据结构,链表,数学",已整理题目,schools/贵州大学/009-击鼓传花.md,,keep,
贵州大学,010,字符移动,考研,已整理,简单,"字符串,数学",已整理题目,schools/贵州大学/010-字符移动.md,,keep,
贵州大学,011,随机数求和,保研,待补充,待定,,待补充题目,schools/贵州大学/011-随机数求和.md,,keep,
贵州大学,012,判断素数,保研,待补充,待定,,待补充题目,schools/贵州大学/012-判断素数.md,,keep,
贵州大学,013,加密算法,保研,待补充,待定,,待补充题目,schools/贵州大学/013-加密算法.md,,keep,
贵州大学,014,字符移动,保研,待补充,待定,,待补充题目,schools/贵州大学/014-字符移动.md,,keep,
贵州大学,015,删除字符串2,考研,待补充,待定,,待补充题目,schools/贵州大学/015-删除字符串2.md,,keep,
贵州大学,016,删除字符串,考研,待补充,待定,,待补充题目,schools/贵州大学/016-删除字符串.md,,keep,
贵州大学,017,排序,考研,待补充,待定,,待补充题目,schools/贵州大学/017-排序.md,,keep,
贵州大学,018,字符串翻转,考研,待补充,待定,,待补充题目,schools/贵州大学/018-字符串翻转.md,,keep,
贵州大学,019,二元组整数,考研,待补充,待定,,待补充题目,schools/贵州大学/019-二元组整数.md,,keep,
贵州大学,020,字符分类,考研,待补充,待定,,待补充题目,schools/贵州大学/020-字符分类.md,,keep,
贵州大学,021,日期,考研,待补充,待定,,待补充题目,schools/贵州大学/021-日期.md,,keep,
贵州大学,022,判断素数,考研,待补充,待定,,待补充题目,schools/贵州大学/022-判断素数.md,,keep,
贵州大学,023,幂次方,考研,待补充,待定,,待补充题目,schools/贵州大学/023-幂次方.md,,keep,
贵州大学,024,复数,考研,待补充,待定,,待补充题目,schools/贵州大学/024-复数.md,,keep,
贵州大学,025,0和1的个数,考研,待补充,待定,,待补充题目,schools/贵州大学/025-0和1的个数.md,,keep,
贵州大学,026,字母频率,考研,待补充,待定,,待补充题目,schools/贵州大学/026-字母频率.md,,keep,
贵州大学,027,最长连续因子,考研,待补充,待定,,待补充题目,schools/贵州大学/027-最长连续因子.md,,keep,
贵州大学,028,报数游戏,考研,待补充,待定,,待补充题目,schools/贵州大学/028-报数游戏.md,,keep,
重庆大学,001,输出素数,考研,已整理,简单,数学,已整理题目,schools/重庆大学/001-输出素数.md,,keep,
重庆大学,002,平方和与倒数和,考研,已整理,简单,数学,已整理题目,schools/重庆大学/002-平方和与倒数和.md,,keep,
重庆大学,003,出现次数最多的数,考研,已整理,简单,数学,已整理题目,schools/重庆大学/003-出现次数最多的数.md,,keep,
重庆大学,004,字符个数,考研,待补充,待定,,待补充题目,schools/重庆大学/004-字符个数.md,,keep,
重庆大学,005,回文数,考研,待补充,待定,,待补充题目,schools/重庆大学/005-回文数.md,,keep,
重庆大学,006,大写字母转换小写字母,考研,待补充,待定,,待补充题目,schools/重庆大学/006-大写字母转换小写字母.md,,keep,
重庆大学,007,骨牌铺方格,考研,待补充,待定,,待补充题目,schools/重庆大学/007-骨牌铺方格.md,,keep,
重庆大学,008,素数求和,考研,待补充,待定,,待补充题目,schools/重庆大学/008-素数求和.md,,keep,
